Category,Keyword,Tweet_Website,Author_Name,Author_Web_Page_URL,Tweet_Timestamp,Tweet_Content,Tweet_Image_URL,Tweet_Video_URL,Tweet_AD,Company_Reply,Tweet_Number_of_Reviews,Tweet_Number_of_Retweets,Tweet_Number_of_Likes,Tweet_Number_of_Looks
Post&Comment,Burger King,https://twitter.com/halosrose/status/1485366230613643269,banana dicklace,https://twitter.com/@halosrose,2022-01-23T21:38:00.000Z,burger king manifesting my pit tickets,"https://pbs.twimg.com/media/FJ0UtpWXsAA1cPr?format=jpg&name=small, ","blob:https://twitter.com/f353b74b-3070-4541-8b07-7c1a168315a4, ",False,,4,115,"1,446",N/A
Post&Comment,Burger King,https://twitter.com/ukads3/status/1485160458734690304,UKADS,https://twitter.com/@ukads3,2022-01-23T08:00:20.000Z,Ben Chaplin said Have your Burger King your way in 1992,,"blob:https://twitter.com/f353b74b-3070-4541-8b07-7c1a168315a4, ",False,,7,20,107,N/A
Post&Comment,Burger King,https://twitter.com/Owen_1906/status/1485212574383751171,,https://twitter.com/@Owen_1906,2022-01-23T11:27:26.000Z,Burger King at Euston havenâ€™t got any burgers hahahaha thatâ€™s literally their only job,"https://pbs.twimg.com/media/FJyI8I9XIAEnW4B?format=jpg&name=small, ","blob:https://twitter.com/f353b74b-3070-4541-8b07-7c1a168315a4, ",False,,8,2,213,N/A
Post&Comment,Burger King,https://twitter.com/Andywarski/status/1485399841844965381,Warski,https://twitter.com/@Andywarski,2022-01-23T23:51:34.000Z,"Andy Warski: $14.95 for Burger King
Ethan Ralph: $1548.75 for Burger King","https://pbs.twimg.com/media/FJ0zBaQXMAUREmn?format=png&name=small, https://pbs.twimg.com/media/FJ0zC_SXIAM3X2F?format=png&name=small, ","blob:https://twitter.com/f353b74b-3070-4541-8b07-7c1a168315a4, ",False,,30,20,276,N/A
Post&Comment,Burger King,https://twitter.com/noraBB_/status/1485287800551395337,ğŸ©µ,https://twitter.com/@noraBB_,2022-01-23T16:26:21.000Z,mcdonalds > burger king,,"blob:https://twitter.com/f353b74b-3070-4541-8b07-7c1a168315a4, ",False,,4,0,4,N/A
Post&Comment,Burger King,https://twitter.com/mynamekellss/status/1485357401264070656,kelli,https://twitter.com/@mynamekellss,2022-01-23T21:02:55.000Z,if you eat burger king willingly i donâ€™t trust you,,"blob:https://twitter.com/f353b74b-3070-4541-8b07-7c1a168315a4, ",False,,1,4,17,N/A
Post&Comment,Burger King,https://twitter.com/MoniPillow/status/1485300798166900738,TheMoniPillow,https://twitter.com/@MoniPillow,2022-01-23T17:18:00.000Z,Just tried the Burger king chicken sandwich and that shit was ass,"https://pbs.twimg.com/media/FJzZM4HXoAc2Udq?format=jpg&name=small, ","blob:https://twitter.com/f353b74b-3070-4541-8b07-7c1a168315a4, ",False,,10,8,128,N/A
Post&Comment,Burger King,https://twitter.com/joeybagovdonuts/status/1485237013431336967,Jey Bag f Dnuts,https://twitter.com/@joeybagovdonuts,2022-01-23T13:04:33.000Z,Back in black? Bacon block? Burger King black?,"https://pbs.twimg.com/media/FJyfMBDXEAIZUde?format=jpg&name=small, ","blob:https://twitter.com/f353b74b-3070-4541-8b07-7c1a168315a4, ",False,,15,1,27,N/A
Post&Comment,Burger King,https://twitter.com/MeeshLcfc/status/1485308544446570497,Michelle,https://twitter.com/@MeeshLcfc,2022-01-23T17:48:47.000Z,Burger King > McDonaldâ€™s,,"blob:https://twitter.com/f353b74b-3070-4541-8b07-7c1a168315a4, ",False,,6,0,7,N/A
Post&Comment,Burger King,https://twitter.com/_greenpete_/status/1485260990702931969,GreenPete â“‹,https://twitter.com/@_greenpete_,2022-01-23T14:39:49.000Z,Tried the Burger King Plant-Based double Whopper today. In the name of science of course,"https://pbs.twimg.com/media/FJy0_1BXwAcsjTz?format=jpg&name=small, ","blob:https://twitter.com/f353b74b-3070-4541-8b07-7c1a168315a4, ",False,,12,2,112,N/A
Post&Comment,Burger King,https://twitter.com/BielzaoSilva/status/1485312784602705921,Gabriel Santos,https://twitter.com/@BielzaoSilva,2022-01-23T18:05:38.000Z,"Comendo Burger King e agradecendo o Mc Donalds 

#BBB22  #RedeBBB","https://pbs.twimg.com/ext_tw_video_thumb/1485312749819289608/pu/img/rPGsCT2h93llScdA.jpg, ","blob:https://twitter.com/96f6d998-0f9d-4629-95fb-285d949f434c, ",False,,0,1,6,N/A
Post&Comment,Burger King,https://twitter.com/maiden_head/status/1485308612599758849,gregory,https://twitter.com/@maiden_head,2022-01-23T17:49:03.000Z,ordering the meal at burger king that makes you die when you eat it,,"blob:https://twitter.com/96f6d998-0f9d-4629-95fb-285d949f434c, ",False,,3,0,8,N/A
Post&Comment,Burger King,https://twitter.com/megannfair/status/1485319156375433220,Megann,https://twitter.com/@megannfair,2022-01-23T18:30:57.000Z,I think imma hop across the street to Burger King  & get some fries and an ice cream cone,,"blob:https://twitter.com/96f6d998-0f9d-4629-95fb-285d949f434c, ",False,,4,2,8,N/A
Post&Comment,Burger King,https://twitter.com/danisanchez_88/status/1485323572507824141,Daniel Sanchez,https://twitter.com/@danisanchez_88,2022-01-23T18:48:30.000Z,Burger king>>>>>>Mac,,"blob:https://twitter.com/96f6d998-0f9d-4629-95fb-285d949f434c, ",False,,1,0,16,N/A
Post&Comment,Burger King,https://twitter.com/Andywarski/status/1485377313856446465,Warski,https://twitter.com/@Andywarski,2022-01-23T22:22:03.000Z,Ethan Ralph.... to own me... went to Portugal alone... spending thousands of dollars... leaving his girlfriend who is 7 months pregnant behind...to eat at Burger King.,"https://pbs.twimg.com/media/FJ0eyOYXIAQThqC?format=png&name=small, ","blob:https://twitter.com/96f6d998-0f9d-4629-95fb-285d949f434c, ",False,,59,74,725,N/A
Post&Comment,Burger King,https://twitter.com/l_indon/status/1485273291246153728,don,https://twitter.com/@l_indon,2022-01-23T15:28:42.000Z,"Deserve ko naman siguro mag burger king tonight, yes?",,"blob:https://twitter.com/96f6d998-0f9d-4629-95fb-285d949f434c, ",False,,1,0,23,N/A
Post&Comment,Burger King,https://twitter.com/KiranTheNomad/status/1485342918697267210,Kiran The Nomad,https://twitter.com/@KiranTheNomad,2022-01-23T20:05:22.000Z,who goes to Burger King for coffee?,,"blob:https://twitter.com/96f6d998-0f9d-4629-95fb-285d949f434c, ",False,,6,1,7,N/A
Post&Comment,Burger King,https://twitter.com/ahmadblack35/status/1485263214459895808,ahmad black,https://twitter.com/@ahmadblack35,2022-01-23T14:48:39.000Z,Wendyâ€™s breakfast >>>>>Burger King breakfast,,"blob:https://twitter.com/96f6d998-0f9d-4629-95fb-285d949f434c, blob:https://twitter.com/1daf8037-e573-4347-b615-44088199e03d, ",False,,29,9,99,N/A
Post&Comment,Burger King,https://twitter.com/david71573453/status/1485377486217170959,David The deliverer of Doge,https://twitter.com/@david71573453,2022-01-23T22:22:44.000Z,"Dogecoin Legion The one thing I love about owning dogecoin is itâ€™s on the precipice of being accepted at McDonaldâ€™s,Burger King, Walmart, The list is endless!! When it happens God I hope everyone owns dogecoin!!!",,"blob:https://twitter.com/96f6d998-0f9d-4629-95fb-285d949f434c, blob:https://twitter.com/1daf8037-e573-4347-b615-44088199e03d, ",False,,8,14,81,N/A
Post&Comment,Burger King,https://twitter.com/Petejay508/status/1485343828588605440,pistol pete moncleravich,https://twitter.com/@Petejay508,2022-01-23T20:08:59.000Z,it be ppl that work at burger king telling kids on tiktok to take the risk,,"blob:https://twitter.com/1daf8037-e573-4347-b615-44088199e03d, ",False,,1,2,5,N/A
Post&Comment,Burger King,https://twitter.com/eatinerni/status/1485286947077734400,Eatinerni,https://twitter.com/@eatinerni,2022-01-23T16:22:58.000Z,"What's the purpose of the jeep truck. Why not just get a truck. 

That's like me ordering a hot dog from burger king. Y'all's name is burger king not Weiner king
 
Jeep is not a truck",,"blob:https://twitter.com/1daf8037-e573-4347-b615-44088199e03d, ",False,,4,0,9,N/A
Post&Comment,Burger King,https://twitter.com/starrdiver/status/1485378258527039492,star - oshi no ko enjoyer,https://twitter.com/@starrdiver,2022-01-23T22:25:48.000Z,"I walk to burger king,  then i walked back home from burger king","https://pbs.twimg.com/media/FJ0fcNxXwAkDMyw?format=png&name=360x360, https://pbs.twimg.com/media/FJ0fjnAXIAAGc2R?format=png&name=360x360, ","blob:https://twitter.com/1daf8037-e573-4347-b615-44088199e03d, ",False,,0,0,17,N/A
Post&Comment,Burger King,https://twitter.com/CASpeakFreely/status/1485395605195145216,Canada Speak Freely,https://twitter.com/@CASpeakFreely,2022-01-23T23:34:44.000Z,#BillGates #FakeMeat is so disgusting even chickens no better not to touch it. Burger King pay attention. B B.  .,"https://pbs.twimg.com/ext_tw_video_thumb/1485197519332196352/pu/img/NtGPnfPAB2z1hBWu.jpg, ","blob:https://twitter.com/1daf8037-e573-4347-b615-44088199e03d, ",False,,3,21,34,N/A
Post&Comment,Burger King,https://twitter.com/smooth_pursuit_/status/1485298690076155907,bryson,https://twitter.com/@smooth_pursuit_,2022-01-23T17:09:37.000Z,burger king employee asked me if i was bisexual,"https://pbs.twimg.com/media/FJzXSOuXEAU6cgy?format=jpg&name=small, ","blob:https://twitter.com/1daf8037-e573-4347-b615-44088199e03d, ",False,,1,0,15,N/A
Post&Comment,Burger King,https://twitter.com/amanda4everr/status/1485306581545885699,ğ”ğ”ªğ”ğ”«ğ”¡ğ” / ğ”ªğ”ğ”¯ğ”¤ğ”¢,https://twitter.com/@amanda4everr,2022-01-23T17:40:59.000Z,"Burger King is legit the best fast food experience you can have. I mean the food is great, they have the old soda Surge, they have great coupons, cookies, & you get to wear a siiiiick paper crown.  I just love it.",,"blob:https://twitter.com/1daf8037-e573-4347-b615-44088199e03d, ",False,,8,2,50,N/A
Post&Comment,Burger King,https://twitter.com/menesesmenace/status/1485353449277509635,amelia,https://twitter.com/@menesesmenace,2022-01-23T20:47:13.000Z,i walk to burger king then i walk back home from burger king,,"blob:https://twitter.com/1daf8037-e573-4347-b615-44088199e03d, ",False,,1,0,3,N/A
Post&Comment,Burger King,https://twitter.com/chanceinaustin/status/1485286507015544833,Chance Austin,https://twitter.com/@chanceinaustin,2022-01-23T16:21:13.000Z,"Replying to 
@LilySZhao",,"blob:https://twitter.com/1daf8037-e573-4347-b615-44088199e03d, ",False,,3,5,86,N/A
Post&Comment,Burger King,https://twitter.com/needeverybenji/status/1485299166876209160,topfloorbo$$,https://twitter.com/@needeverybenji,2022-01-23T17:11:31.000Z,i believe any nigga who eats burger king is a criminal,,"blob:https://twitter.com/1daf8037-e573-4347-b615-44088199e03d, ",False,,0,2,7,N/A
Post&Comment,Burger King,https://twitter.com/heaven_borahae/status/1485193927288569857,HEAVEN TAEKOOğ¤€ ~ fan account,https://twitter.com/@heaven_borahae,2022-01-23T10:13:20.000Z,Do you think my baby will eat hamburger alone? Think again... but bb will never show In-N-Out or Burger King version,"https://pbs.twimg.com/media/FJx4ACmagAUpwG1?format=jpg&name=360x360, https://pbs.twimg.com/media/FJx4ANJacAMqmfd?format=jpg&name=360x360, https://pbs.twimg.com/media/FJx4AYmaQAQlrI7?format=jpg&name=360x360, ","blob:https://twitter.com/1daf8037-e573-4347-b615-44088199e03d, ",False,,0,10,71,N/A
Post&Comment,Burger King,https://twitter.com/nftwhalealert/status/1485122643187875840,NFT Whale Alert,https://twitter.com/@nftwhalealert,2022-01-23T05:30:05.000Z,"Hourly Top Mints
Ponzi Panthers: 983
Burger King Application: 573
AzukiPunks: 514
Blockverse MC: 247
Dino Doods: 162
Pixel Azuki: 130
The Alien Doogle: 129
Precious Phepes: 117
Crookz by NIXON: 89
HeadGame: 74",,"blob:https://twitter.com/1daf8037-e573-4347-b615-44088199e03d, ",False,,0,16,21,N/A
Post&Comment,Burger King,https://twitter.com/brandonmvick/status/1485310591879286790,brandon,https://twitter.com/@brandonmvick,2022-01-23T17:56:55.000Z,wendys mcdonalds burger king taco bell,,"blob:https://twitter.com/1daf8037-e573-4347-b615-44088199e03d, ",False,,0,0,6,N/A
Post&Comment,Burger King,https://twitter.com/dasxtej/status/1485283972070330371,Mangobriyani,https://twitter.com/@dasxtej,2022-01-23T16:11:08.000Z,Saw a guy run to Burger King thinking it was the glass door and end up crashing and becoming a burger patty himself!,,"blob:https://twitter.com/1daf8037-e573-4347-b615-44088199e03d, ",False,,1,0,34,N/A
Post&Comment,Burger King,https://twitter.com/RFMultiverse/status/1485296273414508549,Radio Free Multiverse,https://twitter.com/@RFMultiverse,2022-01-23T17:00:01.000Z,"This week on Grand Trivia, Intern Kristie and Fluval delve into deep Burger King and Skittles lore.

http://radiofreemultiverse.com","https://pbs.twimg.com/media/FJxZknnVcAEl5xC?format=jpg&name=small, ",,False,,0,2,4,N/A
Post&Comment,Burger King,https://twitter.com/daniellatrash/status/1485344508275421186,bubblegum tits,https://twitter.com/@daniellatrash,2022-01-23T20:11:41.000Z,"surprising my bestie 
@yoceelovee
 w some burger king",,,False,,1,2,4,N/A
Post&Comment,Burger King,https://twitter.com/urproletariatgf/status/1485396572594917382,Proletariat Pussy,https://twitter.com/@urproletariatgf,2022-01-23T23:38:34.000Z,"""you know you want to try it"" I'm sorry is this a burger king or a government agency",,,False,,0,0,22,N/A
Post&Comment,Burger King,https://twitter.com/pstat1020/status/1485348497297661952,Paul St@ler,https://twitter.com/Paul St@ler,2022-01-23T20:27:32.000Z,"Replying to 
@runolgarun",,,False,,6,17,647,N/A
Post&Comment,Burger King,https://twitter.com/pigdeons/status/1485309610793873410,Ossia,https://twitter.com/@pigdeons,2022-01-23T17:53:01.000Z,"go to burger king and ask for a ""pigdeons burger"" and they will give you a kiss on the cheek and bread",,,False,,4,4,44,N/A
Post&Comment,Burger King,https://twitter.com/IceMan30TTG/status/1485344814304477184,IceMan30TTG,https://twitter.com/@IceMan30TTG,2022-01-23T20:12:54.000Z,"https://twitch.tv/vdeadlyshots2309â€¦ Live now!!! Mcdonald's is better than Burger King come change my mind!! Playing some Fortnite! #RazerStreamer
#smallstreamer
#SmallStreamersConnect
#SupportSmallStreams
#twitchStreamers
@BlazedRts
@StreamerWall
@Streamer_Boost
@sme_rt",,,False,,0,2,6,N/A
Post&Comment,Burger King,https://twitter.com/beansm00thie/status/1485353788479197185,bean smoothieâ„¢,https://twitter.com/@beansm00thie,2022-01-23T20:48:34.000Z,ordered burger king for lunch dont ask me how im doin,,,False,,2,0,13,N/A
Post&Comment,Burger King,https://twitter.com/realpennybags/status/1485273662479794178,Uncle Pennybags,https://twitter.com/@realpennybags,2022-01-23T15:30:10.000Z,"officially broke will need to work 3 jobs at mcdonalds, walmart and burger king now",,,False,,12,1,76,N/A
Post&Comment,Burger King,https://twitter.com/Itsbhawana_/status/1485279265231097856,Bhawana,https://twitter.com/@Itsbhawana_,2022-01-23T15:52:26.000Z,Nothing beats the burger my mom makes... No burger king or mcd or even street food ones,,,False,,3,0,8,N/A
Post&Comment,Burger King,https://twitter.com/Rashid_Johnson/status/1485246683852296193,Rashid Johnson,https://twitter.com/@Rashid_Johnson,2022-01-23T13:42:58.000Z,"Replying to 
@Feelingpinky2
 @NYCMayorsOffice
 and 3 others",,,False,,5,0,19,N/A
Post&Comment,Burger King,https://twitter.com/RoughneckHoops/status/1485248925024112642,Coach Boyett,https://twitter.com/@RoughneckHoops,2022-01-23T13:51:52.000Z,"Some want a guarantee rather than an opportunity.

Life is not a Burger King...you donâ€™t always get to have it your way.",,,False,,0,2,8,N/A
Post&Comment,Burger King,https://twitter.com/Colbywinters/status/1485327707038748682,JaKe W........................................,https://twitter.com/@Colbywinters,2022-01-23T19:04:56.000Z,"Burger King is every kids favorite
 #FakeKidsMenuFacts",,,False,,0,0,6,N/A
Post&Comment,Burger King,https://twitter.com/se1/status/1485334911347306500,London SE1 Community Website,https://twitter.com/@se1,2022-01-23T19:33:33.000Z,Burger King at Waterloo Station has closed down. End of an era that goes back to the days of British Railâ€™s own Casey Jones burger chain.,"https://pbs.twimg.com/media/FJz4OabXsAI7c_u?format=jpg&name=small, ",,False,,3,8,37,N/A
Post&Comment,Burger King,https://twitter.com/Mimi_Moonbeam/status/1485357222192467977,Mimi Moonbeam | Vtuber & Gamergirl | Stream Weds,https://twitter.com/@Mimi_Moonbeam,2022-01-23T21:02:13.000Z,"Niki VERY kindly bought me burger king for dinner and specified no SALAD on the burger

It arrived with the bun and only salad and cheese inside... No burger",,,False,,4,0,15,N/A
Post&Comment,Burger King,https://twitter.com/Soylent_Lament/status/1485372884541263872,Soylord 9001 ğ“†,https://twitter.com/@Soylent_Lament,2022-01-23T22:04:27.000Z,People talking about their loyalty to NFL teams is strange to Soylord. To this unit it seems equivalent to rooting for McDonaldâ€™s to outperform Burger King.,,,False,,11,4,60,N/A
Post&Comment,Burger King,https://twitter.com/NurseryAngry/status/1485254091563585540,Angry Nursery Worker î¨€,https://twitter.com/@NurseryAngry,2022-01-23T14:12:24.000Z,Our town needs a fast food restaurantâ€¦all we have is McDonaldâ€™s and Burger King.,,,False,,0,1,6,N/A
Post&Comment,Burger King,https://twitter.com/LaurenceBraith1/status/1485302368833093634,Laurence Braithwaite,https://twitter.com/@LaurenceBraith1,2022-01-23T17:24:14.000Z,"Replying to 
@Right2FoodWales
 and 
@Olly4Everyone",,,False,,1,1,5,N/A
Post&Comment,Burger King,https://twitter.com/sglockenspeil/status/1485196038373847042,Jay Nonymous,https://twitter.com/@sglockenspeil,2022-01-23T10:21:43.000Z,"Replying to 
@hooper_hirst
 and 
@AskAManager",,,False,,0,0,11,N/A
Post&Comment,Burger King,https://twitter.com/Levinne__/status/1485359571367604224,levinne.eth,https://twitter.com/@Levinne__,2022-01-23T21:11:33.000Z,"Burger King Ariport are you people high?????
Why are you using your bare hand to scoop fries?????????",,,False,,0,1,0,N/A
Post&Comment,Burger King,https://twitter.com/IanAeillo/status/1485293484063997952,Ian Aeillo (Italian),https://twitter.com/@IanAeillo,2022-01-23T16:48:56.000Z,Every session and job canceled this month due to Covid. I had a night off and figured I'd do a midwestern dad thing and went to eat in solo at Burger King on a Saturday night. Doing the MOST midwestern dad thing now and letting other dads know you can't eat in at BK due to covid.,,,False,,4,0,53,N/A
Post&Comment,Burger King,https://twitter.com/HelloItsLevi/status/1485350921446076419,Leevs x,https://twitter.com/@HelloItsLevi,2022-01-23T20:37:10.000Z,Spending the last night of my twenties as our lord and saviour Dolly Parton intended - scranning a big fat Burger King followed by watching classic sex and the city in the bath,"https://pbs.twimg.com/media/FJ0Gyk5XIAAA4_6?format=jpg&name=small, ",,False,,1,2,42,N/A
Post&Comment,Burger King,https://twitter.com/WagstaffBob/status/1485325876338307073,Bob,https://twitter.com/@WagstaffBob,2022-01-23T18:57:39.000Z,"A couple of the #StarWars things that I saved from early 80s. Brand new, never used. 9 Burger King Return of the Jedi glasses and two plastic bowls. I have other SW things in other boxes somewhere.","https://pbs.twimg.com/media/FJzv-zxWUAMyy-b?format=jpg&name=small, https://pbs.twimg.com/media/FJzv_SqXsAgHzD1?format=jpg&name=360x360, https://pbs.twimg.com/media/FJzv_7rX0AQesJE?format=jpg&name=360x360, https://pbs.twimg.com/media/FJzwAlHXsAQzkfi?format=jpg&name=360x360, ",,False,,4,0,6,N/A
Post&Comment,Burger King,https://twitter.com/Joshee_Estrada/status/1485271957398564869,.Joshe,https://twitter.com/@Joshee_Estrada,2022-01-23T15:23:24.000Z,If Burger King  in painesville hired mexican grandmas and aunties that mf would be the cleanest in Ohio,,,False,,0,0,16,N/A
Post&Comment,Burger King,https://twitter.com/briebrown/status/1485278608893566980,Brie Brown,https://twitter.com/@briebrown,2022-01-23T15:49:50.000Z,"Itâ€™s never a normal conversation with my mother, who is a retired BCPD officer. 
In just 10 minutes she went from, â€œoh did you see that charcuterie board I tagged you in on Instagram?â€ to â€œyou know that Burger King by the house they found that dead psychic in?â€",,,False,,2,0,14,N/A
Post&Comment,Burger King,https://twitter.com/urmomsgstring/status/1485315666542399488,*ï¾Ÿâ˜†*rhi*â˜†*ï¾Ÿ,https://twitter.com/@urmomsgstring,2022-01-23T18:17:05.000Z,"why does every wannabe mc youtuber have the same voice and cadence and everything ??
they literally sound like the dude from number 15 burger king foot lettuce",,,False,,1,0,6,N/A
Post&Comment,Burger King,https://twitter.com/Jerkass10/status/1485323621740335104,Ryan Cane,https://twitter.com/@Jerkass10,2022-01-23T18:48:42.000Z,"IN n OUT
Wienerschnitzel
Burger King
Tommy's
Jack in the Box",,,False,,2,1,4,N/A
Post&Comment,Burger King,https://twitter.com/TheRealFatCrow/status/1485335971759595523,Rob Emmer- The Boba Fett of Impractical Jokers,https://twitter.com/@TheRealFatCrow,2022-01-23T19:37:46.000Z,"Why do nuns like to go to Burger King?

Because they can habit their way. 
#holyburger 
@BurgerKing",,,False,,4,3,38,N/A
Post&Comment,Burger King,https://twitter.com/Dowsonaaron/status/1485248541916209158,Aaron Dowson,https://twitter.com/@Dowsonaaron,2022-01-23T13:50:21.000Z,Young people donâ€™t spend enough money in restaurants for any of them to cater to their tastes. Restaurants are full of people 50 years or older. Everyone else is at Burger King,,,False,,0,0,7,N/A
Post&Comment,Burger King,https://twitter.com/1Clairity/status/1485232338162307075,Claire,https://twitter.com/@1Clairity,2022-01-23T12:45:58.000Z,I was craving burger King so badly i convinced myself to drive 100km in total during my lunch break to get some lmao,,,False,,4,0,16,N/A
Post&Comment,Burger King,https://twitter.com/LMAsaysno/status/1485381941461409799,Lucy,https://twitter.com/@LMAsaysno,2022-01-23T22:40:26.000Z,"Iâ€™ll save you a click its kfc, subway, Burger King, spud u like and Harry ramsdens","https://pbs.twimg.com/media/FJ0jAIKXoAQ4bht?format=jpg&name=small, ",,False,,0,0,14,N/A
Post&Comment,Burger King,https://twitter.com/sethgraysons/status/1485392224447713281,terzo â˜­ ğŸ©·,https://twitter.com/@sethgraysons,2022-01-23T23:21:18.000Z,the burger king near me shut down bc it was understaffed and everyone quit. good for them. https://twitter.com/B1RDALLEGIANCE/status/1485206373092704258â€¦,,,False,,0,0,5,N/A
Post&Comment,Burger King,https://twitter.com/bkohatl/status/1485267567027671040,Brian Keith O'Hara,https://twitter.com/@bkohatl,2022-01-23T15:05:57.000Z,"Replying to 
@fred_guttenberg","https://pbs.twimg.com/media/FJy6YgYXEAMjNJ9?format=png&name=240x240, ",,False,,0,2,36,N/A
Post&Comment,Burger King,https://twitter.com/ReptilianHybrid/status/1485248709591928833,MANA,https://twitter.com/@ReptilianHybrid,2022-01-23T13:51:01.000Z,Theyâ€™re gonna try to â€œwest elm Calebâ€ me then Burger King is gonna quote RT me like â€œYouâ€™re literally 5â€™6â€ on a post about my dad dying and every white woman on tha planet will do the soyjak point at me,,,False,,1,2,27,N/A
Post&Comment,Burger King,https://twitter.com/Coventry_PUSB/status/1485372522816278534,Dan,https://twitter.com/@Coventry_PUSB,2022-01-23T22:03:00.000Z,Me trying to get out of Burger King car park after the Cov game. https://twitter.com/Wat_the_deuce/status/1484990707601489922â€¦,,,False,,0,0,2,N/A
Post&Comment,Burger King,https://twitter.com/sav_rose33/status/1485244808742514691,ticketmaster hate account,https://twitter.com/@sav_rose33,2022-01-23T13:35:31.000Z,Update. Just passed a BK with the slogan â€œBurger King and Chillâ€,,,False,,0,0,5,N/A
Post&Comment,Burger King,https://twitter.com/NikiKiji/status/1485357391269044235,N1K1-Kiji #Vtuber machine magical girl,https://twitter.com/@NikiKiji,2022-01-23T21:02:53.000Z,"Replying to 
@Mimi_Moonbeam",,,False,,1,0,6,N/A
Post&Comment,Burger King,https://twitter.com/BenjiNaesen/status/1485279429903454210,Benji Naesen,https://twitter.com/@BenjiNaesen,2022-01-23T15:53:05.000Z,"Not a bad start for Giovanni Lonardi, taking his first win at EOLO, in his first race with EOLO. 

Those burgers from Burger King gave him +100 watts.",,,False,,2,1,69,N/A
Post&Comment,Burger King,https://twitter.com/sossmona/status/1485372674830385158,sim âœ¿,https://twitter.com/@sossmona,2022-01-23T22:03:37.000Z,just a normal day at the burger king kitchen,"https://pbs.twimg.com/media/FJwLD9uXwAIDer5?format=jpg&name=small, ",,False,,1,0,5,N/A
Post&Comment,Burger King,https://twitter.com/BeachCity55/status/1485255348084789256,Pat C in Central FL,https://twitter.com/@BeachCity55,2022-01-23T14:17:24.000Z,"https://trib.al/eoepIT3?fbclid=IwAR1AYhHaJPZlI-xY4ndq4gyDI_NSUXmD4PqzND6GrMEpmqiEa9LOSA08kMMâ€¦ - No 
@kathygriffin
 itâ€™s not sexism. Youâ€™ve proven to be a hate-filled crone. You have nothing to offer. Youâ€™re neither witty or funny. Who missed you? No one. Lots of job openings at Amazon and Burger King.",,,False,,2,4,16,N/A
Post&Comment,Burger King,https://twitter.com/iTOXlK/status/1485251884004818945,,https://twitter.com/@iTOXlK,2022-01-23T14:03:38.000Z,Yâ€™all need to leave Burger King vlone https://twitter.com/LonlyChild__/status/1484711238345105411â€¦,,,False,,0,0,4,N/A
Post&Comment,Burger King,https://twitter.com/beccabot/status/1485397979884244997,b,https://twitter.com/@beccabot,2022-01-23T23:44:10.000Z,"On todays episode of shop talk we discuss bootleg items, Burger King French fries, sushi in Kansas, cars, todayâ€™s scams, and â€œthe customer is always rightâ€ (LOL).",,,False,,0,0,8,N/A
Post&Comment,Burger King,https://twitter.com/labxnair/status/1485362577588817924,,https://twitter.com/@labxnair,2022-01-23T21:23:29.000Z,"Replying to 
@AspectCfc
 and 
@JF5Era",,,False,,1,1,25,N/A
Post&Comment,Burger King,https://twitter.com/mintyeonkimin/status/1485288803778838529,minteaâ·,https://twitter.com/@mintyeonkimin,2022-01-23T16:30:20.000Z,"Replying to 
@taekookfoever",,,False,,0,0,45,N/A
Post&Comment,Burger King,https://twitter.com/ErrataRob/status/1485355537386590209,Robáµ‰Ê³áµ— Graham,https://twitter.com/@ErrataRob,2022-01-23T20:55:31.000Z,"Replying to 
@DaveMarcus
 and 
@wimremes",,,False,,3,0,11,N/A
Post&Comment,Burger King,https://twitter.com/rogerclark/status/1485364166592372742,rogerclark #EpicMindset,https://twitter.com/@rogerclark,2022-01-23T21:29:48.000Z,"- Create value. Delete bullshit
- Doing whatever you want whenever you want
- Expert in every operating system
- Harness the power of Destiny
- All airport Burger King locations memorized

This is #EpicMindset",,,False,,1,0,65,N/A
Post&Comment,Burger King,https://twitter.com/beautifulcity/status/1485288469672902662,beautifulcity,https://twitter.com/@beautifulcity,2022-01-23T16:29:01.000Z,"Replying to 
@patrickcotnoir
 and 
@GLucasTalkShow",,,False,,0,0,5,N/A
Post&Comment,Burger King,https://twitter.com/betotskiii/status/1485268866536472581,G. î¨€,https://twitter.com/@betotskiii,2022-01-23T15:11:07.000Z,"1. Mang Inasal
2. Jollibee
3. Burger King
4. Greenwich
5. Chowking

Brand love.  https://twitter.com/jstranzhur/status/1485264989175037952â€¦",,,False,,0,0,5,N/A
Post&Comment,Burger King,https://twitter.com/mrnastynodrama/status/1485340390538584064,andrew,https://twitter.com/@mrnastynodrama,2022-01-23T19:55:20.000Z,Taking this through the Burger King drive thru,"https://pbs.twimg.com/media/FJz8kc_WYAIEcTr?format=jpg&name=small, ",,False,,0,0,9,N/A
Post&Comment,Burger King,https://twitter.com/JonMHamm/status/1485092226690654208,Jon Hamm,https://twitter.com/@JonMHamm,2022-01-23T03:29:13.000Z,Ed Malloy tries to order Big Macs from Burger King,,,False,,1,0,11,N/A
Post&Comment,Burger King,https://twitter.com/Nayakone/status/1485236457917005825,Ashish K Nayak,https://twitter.com/@Nayakone,2022-01-23T13:02:20.000Z,"Top Indian Companies Of Fast Food And Beverages. 

- Burger King
- Jubilant Foodworks 
- Tata Consumer 
- Barbeque Nation
- Vadilal Industries 
- Coffee Day Enterprises
- Orient Beverages
- Prataap Snacks
- Dangee Dums

Which stock will you buy for a longer period?

#investing",,,False,,10,12,41,N/A
Post&Comment,Burger King,https://twitter.com/MarcoRPTesla/status/1485332200824393729,MarcoRP,https://twitter.com/@MarcoRPTesla,2022-01-23T19:22:47.000Z,"Gainesville Supercharger update - 9401 NW 39th Ave

Plans haven been filed for a 7-stall location on the south side of Burger King's parking lot.

The permit is pending issue due to contractor registrations.","https://pbs.twimg.com/media/FJz1hb7XsAEK9_K?format=jpg&name=small, https://pbs.twimg.com/media/FJz1in-WQAYeKod?format=jpg&name=small, ",,False,,0,0,15,N/A
Post&Comment,Burger King,https://twitter.com/IamSean90/status/1485371450865430529,Sean Fitzgerald (Actual Justice Warrior),https://twitter.com/@IamSean90,2022-01-23T21:58:45.000Z,The Burger King Killer Decides To Go On An Insane Anti-American Rant Blaming Slavery & Demanding Reparations Rather Than Owning Up To His Crime,,,False,,7,5,64,N/A
Post&Comment,Burger King,https://twitter.com/BComptonNHL/status/1485311391611432971,Brian Compton,https://twitter.com/@BComptonNHL,2022-01-23T18:00:06.000Z,"Replying to 
@JonHeyman",,,False,,2,0,19,N/A
Post&Comment,Burger King,https://twitter.com/JitneyGuy/status/1485333005979865088,Jitney Guy,https://twitter.com/@JitneyGuy,2022-01-23T19:25:59.000Z,"On Thursday I watched a pickup truck pull in to a private lot near the 
@SJAIDSAlliance
 NeedlePalooza in the Atlantic City Needle District. 5 people got out, tossed multiple Burger King bags on the ground and went in and got their needles. Then they sat in the truck for an hour.",,,False,,3,1,5,N/A
Post&Comment,Burger King,https://twitter.com/kurtains/status/1485368102976212995,alex,https://twitter.com/@kurtains,2022-01-23T21:45:27.000Z,"Replying to 
@7ngelus",,,False,,2,0,67,N/A
Post&Comment,Burger King,https://twitter.com/eyelove808/status/1485258044707639303,Eyelove808 â“‹,https://twitter.com/@eyelove808,2022-01-23T14:28:07.000Z,"Vegan 'Chicken nuggets'!: Burger King comes up with revolutionary addition! | DH Latest News, DH NEWS, UK, Latest News, NEWS, International, Business, Food , Veganism, chicken nuggets, Burger King UK, vegan nuggets",,,False,,0,0,1,N/A
Post&Comment,Burger King,https://twitter.com/gemaroha/status/1485568290533494784,Gem,https://twitter.com/@gemaroha,2022-01-24T11:00:55.000Z,"#ì§„ì§„ #ì•„ìŠ¤íŠ¸ë¡œ #ASTRO

Like a                                         Burger
King                                              King","https://pbs.twimg.com/media/FJ3Me9aaAAUUu-G?format=jpg&name=360x360, https://pbs.twimg.com/media/FJ3MfIjaIAYNQB5?format=jpg&name=small, ","blob:https://twitter.com/b6d12aac-2a14-4e44-b6de-1db2e5800ba1, ",False,,3,229,968,N/A
Post&Comment,Burger King,https://twitter.com/Just_Ebz/status/1485749477730394120,Home-Girl Eb,https://twitter.com/@Just_Ebz,2022-01-24T23:00:54.000Z,Burger King downtown is not for eating. It's a meet up location ONLY,,"blob:https://twitter.com/b6d12aac-2a14-4e44-b6de-1db2e5800ba1, ",False,,3,92,147,N/A
Post&Comment,Burger King,https://twitter.com/twitandrewking/status/1485647388484247561,Andrew King,https://twitter.com/@twitandrewking,2022-01-24T16:15:14.000Z,1980s Salad Bar at Burger King,"https://pbs.twimg.com/media/FJ4UbMNXsAEbIiC?format=jpg&name=240x240, ","blob:https://twitter.com/b6d12aac-2a14-4e44-b6de-1db2e5800ba1, ",False,,13,9,98,N/A
Post&Comment,Burger King,https://twitter.com/TheStupidSandy/status/1485753761440182276,ğ’4ndy!Â¡ Û«â˜…,https://twitter.com/@TheStupidSandy,2022-01-24T23:17:55.000Z,"Burger King
Apenas","https://pbs.twimg.com/media/FJ51KpSWQAMO5X4?format=jpg&name=small, ","blob:https://twitter.com/b6d12aac-2a14-4e44-b6de-1db2e5800ba1, ",False,,8,0,15,N/A
Post&Comment,Burger King,https://twitter.com/Verteyne91/status/1485752824680038407,Verteyne Marins âœ ,https://twitter.com/@Verteyne91,2022-01-24T23:14:12.000Z,Mc Donalds > Burger King,,"blob:https://twitter.com/b6d12aac-2a14-4e44-b6de-1db2e5800ba1, ",False,,2,1,8,N/A
Post&Comment,Burger King,https://twitter.com/Vine_Staff/status/1485682401661571082,hecatia / vinestaff,https://twitter.com/@Vine_Staff,2022-01-24T18:34:21.000Z,"Replying to 
@REALFishFeeling","https://pbs.twimg.com/ext_tw_video_thumb/1485682028616032261/pu/img/NCOmH5mjxymQLt52.jpg, ","blob:https://twitter.com/b6d12aac-2a14-4e44-b6de-1db2e5800ba1, ",False,,2,26,158,N/A
Post&Comment,Burger King,https://twitter.com/Fanoza2/status/1485721523243651079,Fano,https://twitter.com/@Fanoza2,2022-01-24T21:09:49.000Z,Real burgers are at Burger King.,,"blob:https://twitter.com/b6d12aac-2a14-4e44-b6de-1db2e5800ba1, ",False,,2,7,6,N/A
Post&Comment,Burger King,https://twitter.com/OhBlayke/status/1485622460301074437,Blayke,https://twitter.com/@OhBlayke,2022-01-24T14:36:10.000Z,"Ok hear me outâ€¦

Burger King Burgers >>>
McDonalds French Fries >>>
Wendyâ€™s Chicken Nuggets >>>",,"blob:https://twitter.com/b6d12aac-2a14-4e44-b6de-1db2e5800ba1, ",False,,6,0,12,N/A
Post&Comment,Burger King,https://twitter.com/Ryan20615/status/1485689044159938562,Ryan_206,https://twitter.com/@Ryan20615,2022-01-24T19:00:45.000Z,"Replying to 
@NintendoAmerica","https://pbs.twimg.com/media/FJ46TbjX0Awjdw4?format=jpg&name=small, ","blob:https://twitter.com/b6d12aac-2a14-4e44-b6de-1db2e5800ba1, ",False,,1,12,158,N/A
Post&Comment,Burger King,https://twitter.com/waryamus/status/1485716402690535431,PETER PARKER,https://twitter.com/@waryamus,2022-01-24T20:49:28.000Z,Iâ€™m just tryna go Burger King with a burger queen,,"blob:https://twitter.com/b6d12aac-2a14-4e44-b6de-1db2e5800ba1, ",False,,1,2,4,N/A
Post&Comment,Burger King,https://twitter.com/JigokuCake/status/1485649961371025417,åœ°ç„ã‚±ãƒ¼ã‚­(Hokusaist),https://twitter.com/@JigokuCake,2022-01-24T16:25:27.000Z,"But when I do it in a Burger King, I get arrested","https://pbs.twimg.com/media/FJ4Ww8dXMAg5GJZ?format=jpg&name=small, ","blob:https://twitter.com/b6d12aac-2a14-4e44-b6de-1db2e5800ba1, ",False,,2,0,22,N/A
Post&Comment,Burger King,https://twitter.com/d4ithefluu/status/1485585642197245958,ğŸ‚±,https://twitter.com/@d4ithefluu,2022-01-24T12:09:52.000Z,I got ready to skip all of my classes and go to burger king<3,,"blob:https://twitter.com/b6d12aac-2a14-4e44-b6de-1db2e5800ba1, ",False,,1,0,4,N/A
Post&Comment,Burger King,https://twitter.com/happy156_/status/1485663715424804865,HappyÂ¹âµâ¶ #,https://twitter.com/@happy156_,2022-01-24T17:20:06.000Z,just found a pair of branded burger king pants in my drawer,"https://pbs.twimg.com/media/FJ4jRjnXwAQc4ft?format=jpg&name=small, ","blob:https://twitter.com/b6d12aac-2a14-4e44-b6de-1db2e5800ba1, ",False,,3,0,10,N/A
Post&Comment,Burger King,https://twitter.com/qqtuzi/status/1485611137160863745,Tuzi,https://twitter.com/@qqtuzi,2022-01-24T13:51:11.000Z,"Replying to 
@reas_music
 @GlitchForum
 and 
@REALFishFeeling",,"blob:https://twitter.com/b6d12aac-2a14-4e44-b6de-1db2e5800ba1, ",False,,1,0,322,N/A
Post&Comment,Burger King,https://twitter.com/the6role/status/1485623825987686404,#brazzoOut #hainerout,https://twitter.com/@the6role,2022-01-24T14:41:36.000Z,"Replying to 
@iMiaSanMia
 @mano_bonke
 and 
@kessler_philipp",,"blob:https://twitter.com/b6d12aac-2a14-4e44-b6de-1db2e5800ba1, ",False,,2,0,97,N/A
Post&Comment,Burger King,https://twitter.com/DequanMidoriya/status/1485625768071860225,Dequan Midoriya (COMMISSIONS COMING SOONish),https://twitter.com/@DequanMidoriya,2022-01-24T14:49:19.000Z,omg i won another burger king sandwich with a drink,,"blob:https://twitter.com/b6d12aac-2a14-4e44-b6de-1db2e5800ba1, ",False,,2,0,17,N/A
Post&Comment,Burger King,https://twitter.com/mai_shb/status/1485756228856946693,mai,https://twitter.com/@mai_shb,2022-01-24T23:27:43.000Z,I promo the burger king vegan royale like itâ€™s my part time job,,,False,,1,0,14,N/A
Post&Comment,Burger King,https://twitter.com/Sincerely_m0n/status/1485726084834349058,,https://twitter.com/@Sincerely_m0n,2022-01-24T21:27:56.000Z,"Replying to 
@McDonalds",,,False,,1,0,24,N/A
Post&Comment,Burger King,https://twitter.com/hiimsergio/status/1485722336405901320,sergio murillo,https://twitter.com/@hiimsergio,2022-01-24T21:13:03.000Z,"Next time you order food delivery, make sure you donâ€™t fall asleep. You might wake up and realize your Burger King bag has been gathering snow for the last 2 hours on your doorstep",,,False,,2,1,17,N/A
Post&Comment,Burger King,https://twitter.com/Iordtimothy/status/1485682944605839368,kevyn,https://twitter.com/@Iordtimothy,2022-01-24T18:36:31.000Z,this lady who runs the burger king register in the hub deserves a key to the city or like a medal of honor for her service,,"https://video.twimg.com/tweet_video/FJ5hpKsXsAAR63I.mp4, https://video.twimg.com/tweet_video/FJ5-xp2XsAE-H8P.mp4, ",False,,2,0,7,N/A
Post&Comment,Burger King,https://twitter.com/divyana_h/status/1485671520173273088,Stix,https://twitter.com/@divyana_h,2022-01-24T17:51:07.000Z,If you eat Burger King anything you say is invalid,,"https://video.twimg.com/tweet_video/FJ5hpKsXsAAR63I.mp4, https://video.twimg.com/tweet_video/FJ5-xp2XsAE-H8P.mp4, ",False,,1,0,1,N/A
Post&Comment,Burger King,https://twitter.com/NearlyNicholas/status/1485726376858636288,Nick Nelson,https://twitter.com/@NearlyNicholas,2022-01-24T21:29:06.000Z,"What if McDonaldâ€™s and Burger King (competitors) just had hella love for each other, constantly shared each otherâ€™s ads, and even collabed, sometimes? Well thatâ€™s what #NFTartists do. The #NFTCommunity is something special like that.",,"https://video.twimg.com/tweet_video/FJ5hpKsXsAAR63I.mp4, https://video.twimg.com/tweet_video/FJ5-xp2XsAE-H8P.mp4, ",False,,3,3,5,N/A
Post&Comment,Burger King,https://twitter.com/MaheshHayward/status/1485616797122506757,Darren Hayward â“‹,https://twitter.com/@MaheshHayward,2022-01-24T14:13:40.000Z,"Replying to 
@gaiashining
 and 
@HealingHarpist",,"https://video.twimg.com/tweet_video/FJ5hpKsXsAAR63I.mp4, https://video.twimg.com/tweet_video/FJ5-xp2XsAE-H8P.mp4, ",False,,1,1,4,N/A
Post&Comment,Burger King,https://twitter.com/clunnysseur/status/1485693908206108679,papayasadas (fae/faert),https://twitter.com/@clunnysseur,2022-01-24T19:20:05.000Z,"Replying to 
@undeadscribe",,"https://video.twimg.com/tweet_video/FJ5hpKsXsAAR63I.mp4, https://video.twimg.com/tweet_video/FJ5-xp2XsAE-H8P.mp4, ",False,,1,0,11,N/A
Post&Comment,Burger King,https://twitter.com/Vythica13/status/1485682737969250312,Vythica13,https://twitter.com/@Vythica13,2022-01-24T18:35:42.000Z,Impromptu ikea run because the final pieces were finally in stock! And now Burger King  #ikea #burgerking #lasthaul #flatpack,,"https://video.twimg.com/tweet_video/FJ5hpKsXsAAR63I.mp4, https://video.twimg.com/tweet_video/FJ5-xp2XsAE-H8P.mp4, ",False,,2,0,7,N/A
Post&Comment,Burger King,https://twitter.com/JilshieFCB/status/1485617249692098560,ğ™…ğ™ğ™¡ğ™¨ğ™ğ™ğ™š,https://twitter.com/@JilshieFCB,2022-01-24T14:15:28.000Z,"Replying to 
@iMiaSanMia
 and 
@cfbayern",,"https://video.twimg.com/tweet_video/FJ5hpKsXsAAR63I.mp4, https://video.twimg.com/tweet_video/FJ5-xp2XsAE-H8P.mp4, ",False,,1,0,102,N/A
Post&Comment,Burger King,https://twitter.com/pollomaldonado/status/1485732347945365506,JosÃ© E. Maldonado Marrero,https://twitter.com/@pollomaldonado,2022-01-24T21:52:49.000Z,El Rey de Burger King > Felipe VI,"https://pbs.twimg.com/tweet_video_thumb/FJ5hpKsXsAAR63I.jpg, ","https://video.twimg.com/tweet_video/FJ5hpKsXsAAR63I.mp4, https://video.twimg.com/tweet_video/FJ5-xp2XsAE-H8P.mp4, ",False,,0,1,3,N/A
Post&Comment,Burger King,https://twitter.com/JanPark05778117/status/1485764325419663363,Jan Parks,https://twitter.com/@JanPark05778117,2022-01-24T23:59:54.000Z,"Replying to 
@EdBlackEsq
 @AlexaJaar1013
 and 5 others","https://pbs.twimg.com/tweet_video_thumb/FJ5-xp2XsAE-H8P.jpg, ","https://video.twimg.com/tweet_video/FJ5hpKsXsAAR63I.mp4, https://video.twimg.com/tweet_video/FJ5-xp2XsAE-H8P.mp4, ",False,,0,0,2,N/A
Post&Comment,Burger King,https://twitter.com/BurgerKing/status/1485615082708946945,Burger King,https://twitter.com/@BurgerKing,2022-01-24T14:06:51.000Z,canâ€™t fail your new yearâ€™s resolutions if you never make one Â¯\_(ãƒ„)_/Â¯,,"https://video.twimg.com/tweet_video/FJ5hpKsXsAAR63I.mp4, https://video.twimg.com/tweet_video/FJ5-xp2XsAE-H8P.mp4, ",False,let me know what you get,126,120,972,N/A
Post&Comment,Burger King,https://twitter.com/takeheartmonica/status/1485734535841132558,ï½¡â‹† Harmonica,https://twitter.com/@takeheartmonica,2022-01-24T22:01:31.000Z,last time i stepped foot in a burger king you could smoke cigarettes in there,,"https://video.twimg.com/tweet_video/FJ5hpKsXsAAR63I.mp4, https://video.twimg.com/tweet_video/FJ5-xp2XsAE-H8P.mp4, ",False,,3,0,12,N/A
Post&Comment,Burger King,https://twitter.com/InexorableGuy/status/1485671243177148420,Dan,https://twitter.com/@InexorableGuy,2022-01-24T17:50:01.000Z,"How can I be wanting to eat many things at a time, I want pizza, I want burger from burger King, I want small chops

Why? Am I pregnant or something?",,"https://video.twimg.com/tweet_video/FJ5hpKsXsAAR63I.mp4, https://video.twimg.com/tweet_video/FJ5-xp2XsAE-H8P.mp4, ",False,,3,1,3,N/A
Post&Comment,Burger King,https://twitter.com/lookingfortheto/status/1485696213609594883,LookingForTheTop,https://twitter.com/@lookingfortheto,2022-01-24T19:29:14.000Z,"SOMEONE STOLE MY DISCOUNT COUPONS FROM BURGER KING
WTF???","https://pbs.twimg.com/media/FJ5A1USXIAATaP_?format=jpg&name=small, ","https://video.twimg.com/tweet_video/FJ5hpKsXsAAR63I.mp4, https://video.twimg.com/tweet_video/FJ5-xp2XsAE-H8P.mp4, ",False,,3,0,8,N/A
Post&Comment,Burger King,https://twitter.com/sadpendragon/status/1485647281512714241,âš”ï¸ sir damen âš”ï¸,https://twitter.com/@sadpendragon,2022-01-24T16:14:48.000Z,when will a fanartist draw arthur with the burger king crown :(,,"https://video.twimg.com/tweet_video/FJ5hpKsXsAAR63I.mp4, https://video.twimg.com/tweet_video/FJ5-xp2XsAE-H8P.mp4, ",False,,2,1,12,N/A
Post&Comment,Burger King,https://twitter.com/saifvddin17/status/1485624215512698881,saif,https://twitter.com/@saifvddin17,2022-01-24T14:43:09.000Z,"biggest scam! burger king just cut one patty into half and served it as a double I WANT A REFUND 
@BurgerKingSG","https://pbs.twimg.com/media/FJ3_WGmVQAUMqWY?format=jpg&name=small, ","https://video.twimg.com/tweet_video/FJ5hpKsXsAAR63I.mp4, https://video.twimg.com/tweet_video/FJ5-xp2XsAE-H8P.mp4, ",False,,1,3,6,N/A
Post&Comment,Burger King,https://twitter.com/Lil_intr0_vert/status/1485703829815496705,Meri,https://twitter.com/@Lil_intr0_vert,2022-01-24T19:59:30.000Z,trying not to pass out in line for burger king I am so tired,,"https://video.twimg.com/tweet_video/FJ5hpKsXsAAR63I.mp4, https://video.twimg.com/tweet_video/FJ5-xp2XsAE-H8P.mp4, ",False,,0,0,5,N/A
Post&Comment,Burger King,https://twitter.com/Sherri0503/status/1485642910871826433,Sherri,https://twitter.com/@Sherri0503,2022-01-24T15:57:26.000Z,"Replying to 
@FOX8NOLA",,"https://video.twimg.com/tweet_video/FJ5hpKsXsAAR63I.mp4, https://video.twimg.com/tweet_video/FJ5-xp2XsAE-H8P.mp4, ",False,,2,0,49,N/A
Post&Comment,Burger King,https://twitter.com/Zakssal22/status/1485683559008505862,Zakiyah,https://twitter.com/@Zakssal22,2022-01-24T18:38:57.000Z,"Well
1. Dunno how to plait hair
2. Never had Burger King lols
3. I only played clarinet cause I related to squidward",,"https://video.twimg.com/tweet_video/FJ5hpKsXsAAR63I.mp4, https://video.twimg.com/tweet_video/FJ5-xp2XsAE-H8P.mp4, ",False,,1,1,4,N/A
Post&Comment,Burger King,https://twitter.com/Ladyairplane0G/status/1485725812103868416,ğ•½ ğ“® ğ“ª ğ“° ğ“ª ğ–“,https://twitter.com/@Ladyairplane0G,2022-01-24T21:26:51.000Z,my favorite meme iâ€™ve seen with this picture is â€œyou know she running a burger king like itâ€™s the marinesâ€,"https://pbs.twimg.com/media/FJ5Ps_eXoAUgbl9?format=jpg&name=small, ",,False,,0,3,7,N/A
Post&Comment,Burger King,https://twitter.com/AddyNoSurrender/status/1485670616137089025,Clocked! At the Bartell's,https://twitter.com/@AddyNoSurrender,2022-01-24T17:47:31.000Z,"iceberg is the dirt cheap burger king foot lettuce and is frankly kinda b-tier cus it tastes like nothing and has no mass and has like just enough chrunch to make a whisper of resistence for like 1 bite but, like any ingredient, if u use 8ts qualities as strengths, it makes nice-",,,False,,1,0,3,N/A
Post&Comment,Burger King,https://twitter.com/hataahmusic/status/1485744489452953614,ğ—›ğ—”ğ—§ğ—”ğ—”ğ—›,https://twitter.com/@hataahmusic,2022-01-24T22:41:04.000Z,a random npc guy at burger king turned to us and said: â€œitâ€™s little red riding hoodâ€ and left,"https://pbs.twimg.com/media/FJ5svCrXwAEBQuL?format=jpg&name=small, ","https://video.twimg.com/tweet_video/FJ4ZSGJUcAMIOPg.mp4, ",False,,1,1,2,N/A
Post&Comment,Burger King,https://twitter.com/rubixxube/status/1485644711067070467,dane,https://twitter.com/@rubixxube,2022-01-24T16:04:35.000Z,"Ahoy Spongeboy me bob, I just swallowed a sharp Burger King fry, which is likely cutting up my esophagus and digestive tract as we speak. Agagagagagagagagagagagaga",,"https://video.twimg.com/tweet_video/FJ4ZSGJUcAMIOPg.mp4, ",False,,2,0,8,N/A
Post&Comment,Burger King,https://twitter.com/hayleyhime/status/1485652735353516037,Cranjis McBasketball,https://twitter.com/@hayleyhime,2022-01-24T16:36:28.000Z,Me in UK Burger King after seeing their vegan menu,,"https://video.twimg.com/tweet_video/FJ4ZSGJUcAMIOPg.mp4, ",False,,0,0,6,N/A
Post&Comment,Burger King,https://twitter.com/BogusSatan/status/1485640390589956106,ğ•¯ğ–†ğ–—ğ–Šğ–Šğ–“ğ–†,https://twitter.com/@BogusSatan,2022-01-24T15:47:25.000Z,I may seem happy but really I miss when the solid gold PokÃ©mon cards came with Burger King meals,,"https://video.twimg.com/tweet_video/FJ4ZSGJUcAMIOPg.mp4, ",False,,0,0,4,N/A
Post&Comment,Burger King,https://twitter.com/tiddiesuk/status/1485677898090663938,micah,https://twitter.com/@tiddiesuk,2022-01-24T18:16:28.000Z,Added bacon to my impossible whopper and the burger king employees had a stroke,,"https://video.twimg.com/tweet_video/FJ4ZSGJUcAMIOPg.mp4, ",False,,1,0,2,N/A
Post&Comment,Burger King,https://twitter.com/TopherDisgrace/status/1485658889932746753,Regular Chris!,https://twitter.com/@TopherDisgrace,2022-01-24T17:00:56.000Z,What was happening at Burger King on September 9th,"https://pbs.twimg.com/media/FJ4e4nUXoAcJPa6?format=jpg&name=small, ","https://video.twimg.com/tweet_video/FJ4ZSGJUcAMIOPg.mp4, ",False,,1,0,29,N/A
Post&Comment,Burger King,https://twitter.com/giantenemyspidr/status/1485632824820576261,the passionate pisser,https://twitter.com/@giantenemyspidr,2022-01-24T15:17:21.000Z,in burger king trying not to cry bc i just spent Â£6 on chicken nuggets and fries,,"https://video.twimg.com/tweet_video/FJ4ZSGJUcAMIOPg.mp4, ",False,,1,0,2,N/A
Post&Comment,Burger King,https://twitter.com/YeahPat/status/1485663475699531791,Patrick,https://twitter.com/@YeahPat,2022-01-24T17:19:09.000Z,"burger king isn't... yaknow...
good.
but sometimes you crave garbage.",,"https://video.twimg.com/tweet_video/FJ4ZSGJUcAMIOPg.mp4, ",False,,1,0,3,N/A
Post&Comment,Burger King,https://twitter.com/xRinax___/status/1485682498034012163,Rina,https://twitter.com/@xRinax___,2022-01-24T18:34:44.000Z,My mom sends me to Burger King to buy some breakfast sandwichesâ€¦ Iâ€™d donâ€™t make it in time so now sheâ€™s gunna eat a Whopper at 10:30am,,"https://video.twimg.com/tweet_video/FJ4ZSGJUcAMIOPg.mp4, ",False,,0,0,6,N/A
Post&Comment,Burger King,https://twitter.com/tooturntjay/status/1485759629208395776,Candy Rain,https://twitter.com/@tooturntjay,2022-01-24T23:41:14.000Z,"This woman just showed her husband some Burger King coupons and he gone say â€œoooh you been a bad girlâ€ lord, is this what I have to look forward to when Iâ€™m old",,"https://video.twimg.com/tweet_video/FJ4ZSGJUcAMIOPg.mp4, ",False,,1,0,3,N/A
Post&Comment,Burger King,https://twitter.com/DrBHJugs/status/1485693560687050756,Dr. Big Honkin Jugs,https://twitter.com/@DrBHJugs,2022-01-24T19:18:42.000Z,One time when I was like 8 I was at Burger King with my dad and I found some kinkos copy of a homemade â€˜zine and the comic had a boob in it. Changed my life.,,"https://video.twimg.com/tweet_video/FJ4ZSGJUcAMIOPg.mp4, ",False,,1,0,8,N/A
Post&Comment,Burger King,https://twitter.com/RKO_2004/status/1485654987552313353,Parlay Papi Chulo Rises,https://twitter.com/@RKO_2004,2022-01-24T16:45:25.000Z,"I'm seeing nervous Bengals fans. 

Worrying about refs and if the Bengals will get a fair shake. 

R.E.L.A.X

Go get a Hershey Pie from Burger King and chill.",,"https://video.twimg.com/tweet_video/FJ4ZSGJUcAMIOPg.mp4, ",False,,2,0,2,N/A
Post&Comment,Burger King,https://twitter.com/hasUnow/status/1485728838701223950,Ian Glaubingerâ„¢,https://twitter.com/@hasUnow,2022-01-24T21:38:53.000Z,"STEAMED HAMS

A part of my 2019 show, ""FOOD FIGHT"", this original design was an homage to the classic #SteamedHams scene on the Simpsons ep ""22 Short Films About Springfield"". The design itself was also inspired by a Burger King advertisement from the 1960s.","https://pbs.twimg.com/media/FJ5ed2hXwAw44IF?format=jpg&name=360x360, https://pbs.twimg.com/media/FJ5eempXwAcTurd?format=jpg&name=360x360, ","https://video.twimg.com/tweet_video/FJ4ZSGJUcAMIOPg.mp4, ",False,,3,2,33,N/A
Post&Comment,Burger King,https://twitter.com/_TKVKKVTK9597_/status/1485708960653090819,ğ“£ğ“ªğ“®ğ“´ğ“¸ğ“¸ğ“´ ğ“²ğ“¼ ğ“»ğ“®ğ“ªğ“µğ“µğ”‚ ğ“ª ğ“¯ğ“ªğ“¶ğ“²ğ“µğ”‚ğ¤€,https://twitter.com/@_TKVKKVTK9597_,2022-01-24T20:19:54.000Z,"#V #taekook #vkook

171001 sangam

q) strawberry or jeon jungkook
burger king or jeon jungkook
gucci or jeon jungkook

he wrote 'man with a lot of money'","https://pbs.twimg.com/media/FJ5MY0KXsAUzsGV?format=jpg&name=360x360, https://pbs.twimg.com/media/FJ5MZoOXwAUGfOK?format=jpg&name=360x360, https://pbs.twimg.com/media/FJ5MaYaXEAEG4Qg?format=jpg&name=360x360, https://pbs.twimg.com/media/FJ5MbPrXsAIdH01?format=jpg&name=360x360, ","https://video.twimg.com/tweet_video/FJ4ZSGJUcAMIOPg.mp4, ",False,,0,0,5,N/A
Post&Comment,Burger King,https://twitter.com/annyeongYunossi/status/1485634222459338753,,https://twitter.com/@annyeongYunossi,2022-01-24T15:22:55.000Z,Watch me order from burger king just because Iâ€™m sooo annoyed and hungry. I need good food to lighten up my mood.,,,False,,0,0,6,N/A
Post&Comment,Burger King,https://twitter.com/LocalSoundwave/status/1485740651903864839,Soundwave,https://twitter.com/@LocalSoundwave,2022-01-24T22:25:49.000Z,imagine if Burger King workers did something as insane as wrestlers court,,,False,,3,1,36,N/A
Post&Comment,Burger King,https://twitter.com/JoshSFC13578/status/1485752644580818945,Josh,https://twitter.com/@JoshSFC13578,2022-01-24T23:13:29.000Z,Always preferred Burger King anyway,"https://pbs.twimg.com/media/FJ0c82cWQAUhyJ3?format=jpg&name=small, ",,False,,0,0,1,N/A
Post&Comment,Burger King,https://twitter.com/johnfeal2/status/1485739555223482375,@JohnFeal2,https://twitter.com/@JohnFeal2,2022-01-24T22:21:28.000Z,"Replying to 
@ksorbs",,,False,,3,0,43,N/A
Post&Comment,Burger King,https://twitter.com/jilliswag/status/1485757873485352961,jill,https://twitter.com/@jilliswag,2022-01-24T23:34:15.000Z,i prefer the $1 chicken junior from burger king MUCH more than any chicken sandwich from chick fil a and iâ€™m sorry.,,,False,,0,0,4,N/A
Post&Comment,Burger King,https://twitter.com/dososkrt/status/1485744217846648832,***,https://twitter.com/@dososkrt,2022-01-24T22:39:59.000Z,jus ate burger king for da 1st time in a couple years now i wanna kms.,,,False,,1,0,14,N/A
Post&Comment,Burger King,https://twitter.com/FlywheelKnot/status/1485645929776652288,DygardKuroyuri (The Brave Tempest),https://twitter.com/@FlywheelKnot,2022-01-24T16:09:26.000Z,Burger King+Wendy's/First Kitchen,"https://pbs.twimg.com/media/FJ2XHF_UUAAIRts?format=jpg&name=small, ",,False,,0,0,6,N/A
Post&Comment,Burger King,https://twitter.com/planetfrosts/status/1485750320261214211,alex,https://twitter.com/@planetfrosts,2022-01-24T23:04:14.000Z,wendys def not the nastiest when Burger King and White Castle exist https://t.co/DB9HhTyGYl,,,False,,0,0,1,N/A
Post&Comment,Burger King,https://twitter.com/aaryannotaaron/status/1485754611487100936,Aaryan Rawal,https://twitter.com/@aaryannotaaron,2022-01-24T23:21:18.000Z,"the way I owe 
@SaeheePerez
 boba apple bees burger king whoppers cars movies and a trip to new york",,,False,,1,1,6,N/A
Post&Comment,Burger King,https://twitter.com/SkiBenEoin/status/1485665670415142918,Ski Ben Eoin,https://twitter.com/@SkiBenEoin,2022-01-24T17:27:52.000Z,"Monday Night Racing is BACK! 

Lots of prizes from Subway, Tamarind Optical, Speedy Auto Glass, Ugly Mug, Island Cabinet Shop, Terryâ€™s Repair Shop, Tim Hortons and B&F Barrington, Steel City, Burger King Sydney River, Rudderhams Source for Sports.

$12 a night
 $80 for the season","https://pbs.twimg.com/media/FJ4lCpsWYAY0jMD?format=jpg&name=small, ",,False,,0,2,3,N/A
Post&Comment,Burger King,https://twitter.com/beidoubunny/status/1485723577768980484,birdie,https://twitter.com/@beidoubunny,2022-01-24T21:17:59.000Z,gonna draw dainsleif working at burger king,,,False,,0,0,4,N/A
Post&Comment,Burger King,https://twitter.com/cartmanCLE/status/1485673380724592640,Cartman,https://twitter.com/@cartmanCLE,2022-01-24T17:58:31.000Z,"Replying to 
@Class",,,False,,1,0,12,N/A
Post&Comment,Burger King,https://twitter.com/urbanhymnal/status/1485624654530289675,Urbanhymnal,https://twitter.com/@urbanhymnal,2022-01-24T14:44:53.000Z,"One time when I was really down, my Mom suggested we go for a drive. We drove past Burger King and she said â€œletâ€™s get milkshakes.â€ She then threw the van in reverse and drove through the drive-thru backwards just because she knew it would make me laugh.",,,False,,2,0,21,N/A
Post&Comment,Burger King,https://twitter.com/soupformy_fam/status/1485706376487874568,Soup for my Family,https://twitter.com/@soupformy_fam,2022-01-24T20:09:37.000Z,BRB. Going to the Burger King drive through to jack a few cars.,,,False,,0,0,5,N/A
Post&Comment,Burger King,https://twitter.com/brooksbenjamin/status/1485738075372331008,Brooks Benjamin,https://twitter.com/@brooksbenjamin,2022-01-24T22:15:35.000Z,Our little bitty town just got a Burger King and the lineâ€™s so long I swear youâ€™d think Dolly Parton was in town hosting a free concert.,"https://pbs.twimg.com/media/FJ5m5v9WYAcuLhQ?format=jpg&name=small, ",,False,,6,1,35,N/A
Post&Comment,Burger King,https://twitter.com/emilyanitaa/status/1485719157563871233,em,https://twitter.com/@emilyanitaa,2022-01-24T21:00:25.000Z,Rileyâ€™s sharing a hoagie at the beach with the love of his life rn and I got stuck in the snow at Burger King an hour ago,"https://pbs.twimg.com/media/FJ5VswZXsAER7to?format=jpg&name=small, ",,False,,0,0,3,N/A
Post&Comment,Burger King,https://twitter.com/jayblackisfunny/status/1485589664908169217,Jay Black,https://twitter.com/@jayblackisfunny,2022-01-24T12:25:51.000Z,"Replying to 
@MollyJongFast",,,False,,1,4,98,N/A
Post&Comment,Burger King,https://twitter.com/beebleonline/status/1485713399585644549,Beeble and Butt-head Do the Fandom,https://twitter.com/@beebleonline,2022-01-24T20:37:32.000Z,"Replying to 
@MedicinalHeroin
 and 
@crackconnoisser",,,False,,1,0,94,N/A
Post&Comment,Burger King,https://twitter.com/Mii_Mario_/status/1485693978179776513,MiiMario,https://twitter.com/@Mii_Mario_,2022-01-24T19:20:21.000Z,"Last year when I was on my break the best thing I did was order my Family  Burger King. 
I was going to get kid icarus uprising
From the 3ds E shop but apparently
I ordered my family food because I knew whatâ€™s best & I did the right thing for my family",,,False,,0,2,14,N/A
Post&Comment,Burger King,https://twitter.com/dogeatdogyt/status/1485665211931627523,what the dog doin,https://twitter.com/@dogeatdogyt,2022-01-24T17:26:03.000Z,hmm yes i actually really enjoy inhaling moldy burger king wrappers and shoe dirt. in fact i think it should be a candle mmmm,,,False,,0,0,17,N/A
Post&Comment,Burger King,https://twitter.com/TalleyBandz44/status/1485759996956708866,JT,https://twitter.com/@TalleyBandz44,2022-01-24T23:42:42.000Z,Can't do burger King. Got food poisoning from there like 5 years ago and never went back,,,False,,0,0,1,N/A
Post&Comment,Burger King,https://twitter.com/notallwitches/status/1485631099866857476,witches,https://twitter.com/@notallwitches,2022-01-24T15:10:30.000Z,"Replying to 
@CryoCreaam
 @katabortion
 and 2 others",,,False,,0,0,0,N/A
Post&Comment,Burger King,https://twitter.com/Mkiddtweets/status/1485649553822990339,Mkidd,https://twitter.com/@Mkiddtweets,2022-01-24T16:23:50.000Z,"Replying to 
@jackbern23",,,False,,0,0,14,N/A
Post&Comment,Burger King,https://twitter.com/NaNaGsFunkyJunk/status/1485639483701747719,WednesdayWaffles,https://twitter.com/@NaNaGsFunkyJunk,2022-01-24T15:43:49.000Z,"My sons last meal was Burger King and we still wondering if he knew that or not when he crashed.. sad because he deserved such a better dinner than that! SMH 
Iâ€™m doing alright, Iâ€™m just fine..",,,False,,0,0,4,N/A
Post&Comment,Burger King,https://twitter.com/Fluxxerus/status/1485706197823066120,Fluxxerus,https://twitter.com/@Fluxxerus,2022-01-24T20:08:55.000Z,"Replying to 
@WatermelonVT
 and 
@watermelo0o0on",,,False,,0,0,1,N/A
Post&Comment,Burger King,https://twitter.com/RegularAssBoy/status/1485624125217513473,Eris,https://twitter.com/@RegularAssBoy,2022-01-24T14:42:47.000Z,"I should buy the spicy chicken sandwich from popeyes, mcdonalds, kfc, wendys, and burger king, and then eat them all in one sitting as some sort of experiment",,,False,,1,0,5,N/A
Post&Comment,Burger King,https://twitter.com/uhmAiryn/status/1485646670389923842,Elle Backwoods,https://twitter.com/@uhmAiryn,2022-01-24T16:12:22.000Z,"It was me, in 2nd grade I frowed up because I was using my lunch money to eat Burger King every morning

After a month it took itâ€™s toll & I ended up having to go to the hospital because I was dehydrated, but that was after I threw up on some girl and all over class

Sorry Morgan",,,False,,2,0,5,N/A
Post&Comment,Burger King,https://twitter.com/folklore2020/status/1485655586570186753,olivia,https://twitter.com/@folklore2020,2022-01-24T16:47:48.000Z,twelve years ago i was fired from burger king bc i got bamboozled by a quick change scam artist,,,False,,0,0,2,N/A
Post&Comment,Burger King,https://twitter.com/IrkMeIngram/status/1485746641005129733,Kane Ingram,https://twitter.com/@IrkMeIngram,2022-01-24T22:49:37.000Z,"Bring back the Chicken Legend or else I might have to go to Burger King, and thatâ€™s depressing for all involved.","https://pbs.twimg.com/media/FJ0c82cWQAUhyJ3?format=jpg&name=small, ",,False,,0,0,2,N/A
Post&Comment,Burger King,https://twitter.com/DannyGSlam/status/1485699463838683138,Danny Groh,https://twitter.com/@DannyGSlam,2022-01-24T19:42:09.000Z,I have an idea  McDonaldâ€™s and Burger King should collab on a Whopper Big Mac sandwich!,"https://pbs.twimg.com/media/FJ5DyXJXEAUFmud?format=jpg&name=small, ",,False,,1,0,12,N/A
Post&Comment,Burger King,https://twitter.com/kellymnyc/status/1485622567419486216,Kelly McKinney,https://twitter.com/@kellymnyc,2022-01-24T14:36:36.000Z,"A fire in the Bronx killed 17 people, a teenage cashier at a Burger King killed during a robbery, a man shoved a woman in front of an oncoming subway train, a baby shot in the face by stray bullet, 2 police officers shot in an apartment hallway in Harlem",,,False,,0,2,1,N/A
Post&Comment,Burger King,https://twitter.com/thecryptomonk/status/1485730345148366855,The Crypto Monk,https://twitter.com/@thecryptomonk,2022-01-24T21:44:52.000Z,"Replying to 
@McDonalds",,,False,,0,0,15,N/A
Post&Comment,Burger King,https://twitter.com/thecorlew/status/1485720791337816065,Chris Corlew,https://twitter.com/@thecorlew,2022-01-24T21:06:54.000Z,"Replying to 
@FanboyCristian
 and 
@HanaMichels",,,False,,0,0,2,N/A
Post&Comment,Burger King,https://twitter.com/jshauntaee/status/1485675373023174662,Jada Tae,https://twitter.com/@jshauntaee,2022-01-24T18:06:26.000Z,still annoyed at the new model of the expressâ€¦they need to bring panda express and krunchy chicken  back .. and should have replaced the  burger king with chic fil a  #gramfam,,,False,,0,2,7,N/A
Post&Comment,Burger King,https://twitter.com/th_s4m0ht/status/1485603567515930631,Thomas Rossi,https://twitter.com/@th_s4m0ht,2022-01-24T13:21:06.000Z,"Replying to 
@INArteCarloDoss",,,False,,0,0,6,N/A
Post&Comment,Burger King,https://twitter.com/Andywarski/status/1485643058754502656,Warski,https://twitter.com/@Andywarski,2022-01-24T15:58:01.000Z,"Replying to 
@TheQuartering",,,False,,2,0,14,N/A
Post&Comment,Burger King,https://twitter.com/davidhenkes/status/1485633847651975169,David Henkes,https://twitter.com/@davidhenkes,2022-01-24T15:21:25.000Z,"This is a great story from 
@DonMFox
 regarding #menu #innovation in the 1980s within #QSRs: when Burger King nearly started serving Dominoâ€™s Pizza. Also speaks to brand credibility and consumer expectations. 

#restaurant #fastfood #burger #pizza",,,False,,0,1,4,N/A
Post&Comment,Burger King,https://twitter.com/DeAngelisCorey/status/1485607232255447044,"Corey A. DeAngelis, school choice evangelist",https://twitter.com/@DeAngelisCorey,2022-01-24T13:35:40.000Z,"Replying to 
@wendtmanfred",,,False,,0,0,1,N/A
Post&Comment,Burger King,https://twitter.com/SilviaRBb2000/status/1486097048785072136,Silvia,https://twitter.com/@SilviaRBb2000,2022-01-25T22:02:01.000Z,En McDonald's  ///  En Burger King,"https://pbs.twimg.com/media/FJ-tYrVWQAYdyGG?format=jpg&name=small, https://pbs.twimg.com/media/FJ-tYrXWQAApK8b?format=jpg&name=small, ","https://video.twimg.com/tweet_video/FJ-yTpKXwAoVHCs.mp4, ",False,,14,108,699,N/A
Post&Comment,Burger King,https://twitter.com/DonutOperator/status/1486102458812280834,Donut Operator,https://twitter.com/@DonutOperator,2022-01-25T22:23:31.000Z,Burger King will always be better than McDonaldâ€™s,,"https://video.twimg.com/tweet_video/FJ-yTpKXwAoVHCs.mp4, ",False,,170,34,931,N/A
Post&Comment,Burger King,https://twitter.com/MagzThundercat/status/1486094196633075712,â„ğ•–ğ•’ğ•ğ•šğ•¥ğ•ª â„‚ğ•™ğ•–ğ•”ğ•œ,https://twitter.com/@MagzThundercat,2022-01-25T21:50:41.000Z,"The worst nightmare Chantal ever had was dreaming Burger King served her a burger with pineapple chunks. 

Where's Freud when you need a dream analyzed?",,"https://video.twimg.com/tweet_video/FJ-yTpKXwAoVHCs.mp4, ",False,,2,0,17,N/A
Post&Comment,Burger King,https://twitter.com/Matthew82069336/status/1486097522678538243,Matthew Payne,https://twitter.com/@Matthew82069336,2022-01-25T22:03:54.000Z,Boris Johnson gives us more Whoppers than Burger King!,,"https://video.twimg.com/tweet_video/FJ-yTpKXwAoVHCs.mp4, ",False,,1,1,30,N/A
Post&Comment,Burger King,https://twitter.com/BitcoinDogecoin/status/1486125088365846533,Dogecoin and Bitcoin Cryptocurrency,https://twitter.com/@BitcoinDogecoin,2022-01-25T23:53:26.000Z,Can I buy a Whopper at Burger King with #dogecoin ?,,"https://video.twimg.com/tweet_video/FJ-yTpKXwAoVHCs.mp4, ",False,,3,11,36,N/A
Post&Comment,Burger King,https://twitter.com/TheUnderDoge3/status/1486118093814484996,The Under Doge,https://twitter.com/@TheUnderDoge3,2022-01-25T23:25:38.000Z,"Replying to 
@McDonalds
 and 
@Tesla",,"https://video.twimg.com/tweet_video/FJ-yTpKXwAoVHCs.mp4, ",False,,23,50,489,N/A
Post&Comment,Burger King,https://twitter.com/CryptosynthN/status/1486123065436213251,Nav,https://twitter.com/@CryptosynthN,2022-01-25T23:45:24.000Z,"Replying to 
@EliteDogeClub
 @McDonalds
 and 
@Tesla",,"https://video.twimg.com/tweet_video/FJ-yTpKXwAoVHCs.mp4, ",False,,4,0,36,N/A
Post&Comment,Burger King,https://twitter.com/HodlDogecoin/status/1486123933548093442,Dogecoin and Bitcoin HODL,https://twitter.com/@HodlDogecoin,2022-01-25T23:48:51.000Z,Will Burger King accept #dogecoin for a Whopper?,,"https://video.twimg.com/tweet_video/FJ-yTpKXwAoVHCs.mp4, ",False,,0,13,31,N/A
Post&Comment,Burger King,https://twitter.com/tojimistress/status/1486121938544177153,,https://twitter.com/@tojimistress,2022-01-25T23:40:55.000Z,Number 15- burger king foot lettuce,"https://pbs.twimg.com/media/FJ_EBt2XwAMR1z3?format=jpg&name=small, ","https://video.twimg.com/tweet_video/FJ-yTpKXwAoVHCs.mp4, ",False,,0,0,0,N/A
Post&Comment,Burger King,https://twitter.com/CryptoD777/status/1486110002767147010,CryptoNite,https://twitter.com/@CryptoD777,2022-01-25T22:53:29.000Z,"Replying to 
@davidgokhshtein
 @McDonalds
 and 2 others",,"https://video.twimg.com/tweet_video/FJ-yTpKXwAoVHCs.mp4, ",False,,0,0,4,N/A
Post&Comment,Burger King,https://twitter.com/PhilN_/status/1486099250861772800,phillip Niblett,https://twitter.com/@PhilN_,2022-01-25T22:10:46.000Z,Earlier my Burger King order I got that order 66,"https://pbs.twimg.com/media/FJ-vYE2WYAos3Dw?format=jpg&name=small, ","https://video.twimg.com/tweet_video/FJ-yTpKXwAoVHCs.mp4, ",False,,1,0,4,N/A
Post&Comment,Burger King,https://twitter.com/dogeofficialceo/status/1486124532398268418,Sir Doge of the Coin,https://twitter.com/@dogeofficialceo,2022-01-25T23:51:14.000Z,"Hey 
@BurgerKing
 - your time to shine  
#dogecoin #doge","https://pbs.twimg.com/media/FJ_GYUXWYAocIpK?format=jpg&name=small, https://pbs.twimg.com/media/FJ-9-bqXIAAaZer?format=jpg&name=240x240, ","https://video.twimg.com/tweet_video/FJ-yTpKXwAoVHCs.mp4, ",False,,11,31,121,N/A
Post&Comment,Burger King,https://twitter.com/ShawnDoge/status/1486111670191759361,Shawn Ãoge î¨€,https://twitter.com/@ShawnDoge,2022-01-25T23:00:07.000Z,"Thereâ€™s no need to be competitors, we can all grow together! 
@McDonalds
 @BurgerKing
 #dogecoin","https://pbs.twimg.com/media/FJ-6r70XsAgAVuG?format=jpg&name=small, ","https://video.twimg.com/tweet_video/FJ-yTpKXwAoVHCs.mp4, ",False,,15,57,175,N/A
Post&Comment,Burger King,https://twitter.com/taysmak/status/1486099140580765696,Taysmak,https://twitter.com/@taysmak,2022-01-25T22:10:20.000Z,"Replying to 
@davidgokhshtein
 @McDonalds
 and 2 others",,,False,,1,0,1,N/A
Post&Comment,Burger King,https://twitter.com/breadements/status/1486119695417815043,p!nkzilla.,https://twitter.com/@breadements,2022-01-25T23:32:00.000Z,Sum aine right cause why df I want Burger King ion even like burger king fr but a whopper jr sound so good â€¦ actually I need 2!!,,,False,,0,0,0,N/A
Post&Comment,Burger King,https://twitter.com/AnthonyCa2Tx/status/1486117432674693122,Anthony Mathews,https://twitter.com/@AnthonyCa2Tx,2022-01-25T23:23:01.000Z,1980 Burger King Cello pack with Tom Seaver on the back. #PSA9,"https://pbs.twimg.com/media/FJ-_5k8XsAQ85bm?format=jpg&name=small, https://pbs.twimg.com/media/FJ-_5k8XwAEezG4?format=jpg&name=small, ",,False,,0,2,3,N/A
Post&Comment,Burger King,https://twitter.com/harharharrison/status/1486105757892452352,harrison,https://twitter.com/@harharharrison,2022-01-25T22:36:37.000Z,"Replying to 
@ArthurSmirkland",,,False,,1,0,1,N/A
Post&Comment,Burger King,https://twitter.com/MomofTwonodigit/status/1486125339348770819,Susanne- The GQP is the Banana Republican Party,https://twitter.com/@MomofTwonodigit,2022-01-25T23:54:26.000Z,"Replying to 
@ItsSealyyall",,,False,,3,0,10,N/A
Post&Comment,Burger King,https://twitter.com/iseececi/status/1486105598290640898,cecilia en seria,https://twitter.com/@iseececi,2022-01-25T22:35:59.000Z,Tempted by that free Burger King impossible burger.,,,False,,1,0,2,N/A
Post&Comment,Burger King,https://twitter.com/Big_Buddy_Jape/status/1486115749580222465,jape - in his Batman era,https://twitter.com/@Big_Buddy_Jape,2022-01-25T23:16:20.000Z,inshallah every single Burger King establishment will be destroyed by a meteor,,"https://video.twimg.com/tweet_video/FJ-tKY4XIAYdXBw.mp4, ",False,,1,0,2,N/A
Post&Comment,Burger King,https://twitter.com/Bleete02/status/1486098513654124544,Blete,https://twitter.com/@Bleete02,2022-01-25T22:07:50.000Z,Burger King apesta.,,"https://video.twimg.com/tweet_video/FJ-tKY4XIAYdXBw.mp4, ",False,,2,1,31,N/A
Post&Comment,Burger King,https://twitter.com/BAKEURHEARTOUT/status/1486100322749714432,hex: face the darkness,https://twitter.com/@BAKEURHEARTOUT,2022-01-25T22:15:02.000Z,"ao now i havw to 
marry bambi at the burger king
fight nes at the burger king
marry super and fizz",,"https://video.twimg.com/tweet_video/FJ-tKY4XIAYdXBw.mp4, ",False,,2,0,3,N/A
Post&Comment,Burger King,https://twitter.com/beardman_54/status/1486103250692677638,Beardman,https://twitter.com/@beardman_54,2022-01-25T22:26:40.000Z,"Replying to 
@DonutOperator",,"https://video.twimg.com/tweet_video/FJ-tKY4XIAYdXBw.mp4, ",False,,2,0,8,N/A
Post&Comment,Burger King,https://twitter.com/reenie62/status/1486109339333054473,Doreen32128,https://twitter.com/@reenie62,2022-01-25T22:50:51.000Z,"Replying to 
@PrimeDirective",,"https://video.twimg.com/tweet_video/FJ-tKY4XIAYdXBw.mp4, ",False,,0,0,0,N/A
Post&Comment,Burger King,https://twitter.com/foobear04/status/1486101748888621060,russian spaghetti,https://twitter.com/@foobear04,2022-01-25T22:20:42.000Z,burger king wildin with that menu. how am i getting a drink some fries and a whole whopper for 1 dollar. that ainâ€™t cow thatâ€™s deer ankles and monkey ears,,"https://video.twimg.com/tweet_video/FJ-tKY4XIAYdXBw.mp4, ",False,,0,0,6,N/A
Post&Comment,Burger King,https://twitter.com/sama_childe/status/1486099400015630336,Childe_sama,https://twitter.com/@sama_childe,2022-01-25T22:11:22.000Z,"You can call me the Burger King or a mad man XD
#GenshinImpact","https://pbs.twimg.com/media/FJ-vhtmaUAAxwbw?format=jpg&name=240x240, ","https://video.twimg.com/tweet_video/FJ-tKY4XIAYdXBw.mp4, ",False,,0,0,1,N/A
Post&Comment,Burger King,https://twitter.com/jacktomo222/status/1486097686155702278,jack,https://twitter.com/@jacktomo222,2022-01-25T22:04:33.000Z,"Replying to 
@stretchy1999",,"https://video.twimg.com/tweet_video/FJ-tKY4XIAYdXBw.mp4, ",False,,0,0,2,N/A
Post&Comment,Burger King,https://twitter.com/b1tchsOn/status/1486116486951456771,MR.LUCY â˜…,https://twitter.com/@b1tchsOn,2022-01-25T23:19:15.000Z,"Replying to 
@Gabreu_E
 @bil_ly1
 and 
@OlisilvaFefe",,"https://video.twimg.com/tweet_video/FJ-tKY4XIAYdXBw.mp4, ",False,,1,0,1,N/A
Post&Comment,Burger King,https://twitter.com/flantoshi/status/1486096803808301060,Flantoshi,https://twitter.com/@flantoshi,2022-01-25T22:01:03.000Z,If I see another McDonald's crypto joke I swear I'll kill Ronald Mcdonald myself and give Burger King his head on a pike,"https://pbs.twimg.com/tweet_video_thumb/FJ-tKY4XIAYdXBw.jpg, ","https://video.twimg.com/tweet_video/FJ-tKY4XIAYdXBw.mp4, ",False,,3,1,4,N/A
Post&Comment,Burger King,https://twitter.com/__KISSmyJAS/status/1486104510619607040,Jas,https://twitter.com/@__KISSmyJAS,2022-01-25T22:31:40.000Z,"I think itâ€™s so weird when grown people be saying someone â€œcopyingâ€ them. I donâ€™t pay attention enough to know if someone was or not. Wendyâ€™s, McDonaldâ€™s, and Burger King all making money. Just focus on your craft",,"https://video.twimg.com/tweet_video/FJ-tKY4XIAYdXBw.mp4, ",False,,0,1,10,N/A
Post&Comment,Burger King,https://twitter.com/SUP3RSTAR_/status/1486113849010917377,Taylor!,https://twitter.com/@SUP3RSTAR_,2022-01-25T23:08:46.000Z,"Hey so..just wondering. In terms of fast food restaurants, what do you prefer McDonaldâ€™s or Burger King?",,"https://video.twimg.com/tweet_video/FJ-tKY4XIAYdXBw.mp4, ",False,,2,0,1,N/A
Post&Comment,Burger King,https://twitter.com/LeleBlaxican/status/1486104306805886980,alisha.,https://twitter.com/@LeleBlaxican,2022-01-25T22:30:51.000Z,Burger King fries are very underrated,,"https://video.twimg.com/tweet_video/FJ-tKY4XIAYdXBw.mp4, ",False,,1,0,2,N/A
Post&Comment,Burger King,https://twitter.com/UltimateBluegr1/status/1486092777922256902,Ultimate Bluegrass Playlist Corporation,https://twitter.com/@UltimateBluegr1,2022-01-25T21:45:03.000Z,"Replying to 
@BurgerKing
 @elonmusk
 and 
@McDonalds",,"https://video.twimg.com/tweet_video/FJ-tKY4XIAYdXBw.mp4, ",False,only a king knows what da coin do,0,0,1,N/A
Post&Comment,Burger King,https://twitter.com/Rigveda_s/status/1486118507724951556,Rigveda!,https://twitter.com/@Rigveda_s,2022-01-25T23:27:17.000Z,"Replying to 
@McDonalds
 and 
@Tesla",,"https://video.twimg.com/tweet_video/FJ-tKY4XIAYdXBw.mp4, ",False,,0,0,3,N/A
Post&Comment,Burger King,https://twitter.com/pris13/status/1486110279083511813,Priscilla Moreno,https://twitter.com/@pris13,2022-01-25T22:54:35.000Z,"Replying to 
@kramer_susan
 and 
@patriottakes",,"https://video.twimg.com/tweet_video/FJ-tKY4XIAYdXBw.mp4, ",False,,0,0,15,N/A
Post&Comment,Burger King,https://twitter.com/petehopke/status/1486117047754838018,Peter Hopke,https://twitter.com/@petehopke,2022-01-25T23:21:29.000Z,"Replying to 
@aaeriaal
 @suchhodl
 and 2 others",,"https://video.twimg.com/tweet_video/FJ-tKY4XIAYdXBw.mp4, ",False,,0,0,3,N/A
Post&Comment,Burger King,https://twitter.com/JayMac_Slacking/status/1486112019069607943,JayMac,https://twitter.com/@JayMac_Slacking,2022-01-25T23:01:30.000Z,"Replying to 
@Chill_Bi11
 and 
@DonutOperator",,"https://video.twimg.com/tweet_video/FJ-tKY4XIAYdXBw.mp4, ",False,,0,0,1,N/A
Post&Comment,Burger King,https://twitter.com/_RadicalReality/status/1486123835833339922,R,https://twitter.com/@_RadicalReality,2022-01-25T23:48:27.000Z,"With all the time on fast food earlier, I decided to visit Burger King tonight.",,"https://video.twimg.com/tweet_video/FJ-tKY4XIAYdXBw.mp4, ",False,,0,0,1,N/A
Post&Comment,Burger King,https://twitter.com/ilovedesertfrog/status/1486124728964325386,Octo,https://twitter.com/@ilovedesertfrog,2022-01-25T23:52:00.000Z,some dude on Valorant said my voice sounds like the burger king foot lettuce guy I've been thinking about it all week,,"https://video.twimg.com/tweet_video/FJ-tKY4XIAYdXBw.mp4, https://video.twimg.com/tweet_video/FJ-pG-GWUAIIWhL.mp4, ",False,,0,0,11,N/A
Post&Comment,Burger King,https://twitter.com/MoonlitMonkey69/status/1486118286329020416,Moonlit Monkey Ã áš± Å á˜»,https://twitter.com/@MoonlitMonkey69,2022-01-25T23:26:24.000Z,"Replying to 
@BurgerKing
 @elonmusk
 and 
@McDonalds",,"https://video.twimg.com/tweet_video/FJ-pG-GWUAIIWhL.mp4, https://video.twimg.com/tweet_video/FJ-53pwWQAEVJg2.mp4, ",False,only a king knows what da coin do,0,0,3,N/A
Post&Comment,Burger King,https://twitter.com/highqltyfilm/status/1486109970386997250,ayush,https://twitter.com/@highqltyfilm,2022-01-25T22:53:22.000Z,"Replying to 
@adamrobi
 @l0wkeyy2
 and 2 others",,"https://video.twimg.com/tweet_video/FJ-pG-GWUAIIWhL.mp4, https://video.twimg.com/tweet_video/FJ-53pwWQAEVJg2.mp4, ",False,,1,0,3,N/A
Post&Comment,Burger King,https://twitter.com/feitherine/status/1486103760162246658,von,https://twitter.com/@feitherine,2022-01-25T22:28:41.000Z,my friend told me she likes burger king fries better than mcdonaldâ€™s fries i almost threw up,,"https://video.twimg.com/tweet_video/FJ-pG-GWUAIIWhL.mp4, https://video.twimg.com/tweet_video/FJ-53pwWQAEVJg2.mp4, ",False,,1,0,1,N/A
Post&Comment,Burger King,https://twitter.com/LOVETOL3/status/1486092345347129355,LOVETOL,https://twitter.com/@LOVETOL3,2022-01-25T21:43:20.000Z,"Replying to 
@G4mingzone",,"https://video.twimg.com/tweet_video/FJ-pG-GWUAIIWhL.mp4, https://video.twimg.com/tweet_video/FJ-53pwWQAEVJg2.mp4, ",False,,0,0,0,N/A
Post&Comment,Burger King,https://twitter.com/EliteDogeClub/status/1486117197973901312,ELITE DOGE CLUB NFT - 1st Animated Doge NFT,https://twitter.com/@EliteDogeClub,2022-01-25T23:22:05.000Z,"Replying to 
@McDonalds
 and 
@Tesla",,"https://video.twimg.com/tweet_video/FJ-pG-GWUAIIWhL.mp4, https://video.twimg.com/tweet_video/FJ-53pwWQAEVJg2.mp4, ",False,,7,20,296,N/A
Post&Comment,Burger King,https://twitter.com/dlaneybg/status/1486121716091088896,Dâ€™laney,https://twitter.com/@dlaneybg,2022-01-25T23:40:02.000Z,"Replying to 
@MacaMyroni",,"https://video.twimg.com/tweet_video/FJ-pG-GWUAIIWhL.mp4, https://video.twimg.com/tweet_video/FJ-53pwWQAEVJg2.mp4, ",False,,1,0,1,N/A
Post&Comment,Burger King,https://twitter.com/Dukenfield1/status/1486101301020798983,Dukenfield,https://twitter.com/@Dukenfield1,2022-01-25T22:18:55.000Z,"Replying to 
@AlexWallasch",,"https://video.twimg.com/tweet_video/FJ-pG-GWUAIIWhL.mp4, https://video.twimg.com/tweet_video/FJ-53pwWQAEVJg2.mp4, ",False,,0,0,1,N/A
Post&Comment,Burger King,https://twitter.com/N0TKYEL/status/1486125409079078914,ğ—ğ˜†ğ—¹ğ—² .,https://twitter.com/@N0TKYEL,2022-01-25T23:54:43.000Z,Hop in let's go to burger king  https://t.co/uMbVPb2mIy,,"https://video.twimg.com/tweet_video/FJ-pG-GWUAIIWhL.mp4, https://video.twimg.com/tweet_video/FJ-53pwWQAEVJg2.mp4, ",False,,0,0,1,N/A
Post&Comment,Burger King,https://twitter.com/limb0wl/status/1486110774972059652,limb0wl,https://twitter.com/@limb0wl,2022-01-25T22:56:34.000Z,"Replying to 
@russell_jimmie
 @opensea
 and 
@hipnoesis","https://pbs.twimg.com/tweet_video_thumb/FJ-53pwWQAEVJg2.jpg, ","https://video.twimg.com/tweet_video/FJ-pG-GWUAIIWhL.mp4, https://video.twimg.com/tweet_video/FJ-53pwWQAEVJg2.mp4, ",False,,2,1,4,N/A
Post&Comment,Burger King,https://twitter.com/davidcapi97/status/1486096070832758791,David FernÃ¡ndez^^,https://twitter.com/@davidcapi97,2022-01-25T21:58:08.000Z,Padreeee burger king!!!!!,"https://pbs.twimg.com/media/FJ-cu7CWQAAfGr6?format=jpg&name=small, https://pbs.twimg.com/media/FJ-cvHKX0AAnoS5?format=jpg&name=360x360, ","https://video.twimg.com/tweet_video/FJ-pG-GWUAIIWhL.mp4, https://video.twimg.com/tweet_video/FJ-53pwWQAEVJg2.mp4, ",False,,0,0,1,N/A
Post&Comment,Burger King,https://twitter.com/camrammy/status/1486101281097854980,cam,https://twitter.com/@camrammy,2022-01-25T22:18:50.000Z,The masculine urge to drive to Burger King rn,,"https://video.twimg.com/tweet_video/FJ-pG-GWUAIIWhL.mp4, https://video.twimg.com/tweet_video/FJ-53pwWQAEVJg2.mp4, ",False,,0,0,4,N/A
Post&Comment,Burger King,https://twitter.com/ShizzyHollywood/status/1486125510287577088,Shizzy Hollywood,https://twitter.com/@ShizzyHollywood,2022-01-25T23:55:07.000Z,"Elgato Foot Pedal
 Burger King Foot Lettuce",,"https://video.twimg.com/tweet_video/FJ-pG-GWUAIIWhL.mp4, https://video.twimg.com/tweet_video/FJ-53pwWQAEVJg2.mp4, ",False,,1,0,4,N/A
Post&Comment,Burger King,https://twitter.com/CoomersNexus/status/1486102987931938816,CoomersNexus,https://twitter.com/@CoomersNexus,2022-01-25T22:25:37.000Z,"Blasphemy, Burger king fries are best fries",,"https://video.twimg.com/tweet_video/FJ-pG-GWUAIIWhL.mp4, https://video.twimg.com/tweet_video/FJ-53pwWQAEVJg2.mp4, ",False,,3,0,6,N/A
Post&Comment,Burger King,https://twitter.com/submergedesoni/status/1486099469175336962,kyle,https://twitter.com/@submergedesoni,2022-01-25T22:11:38.000Z,"Mozzarella sticks and milkshake are fucking me up rn, BURGER KING COUNT WHAT LITTLE DAYS YOU HAVE LEFT","https://pbs.twimg.com/media/FJ-vj2jXIAIkvsO?format=jpg&name=small, ","https://video.twimg.com/tweet_video/FJ-pG-GWUAIIWhL.mp4, https://video.twimg.com/tweet_video/FJ-53pwWQAEVJg2.mp4, ",False,,0,0,1,N/A
Post&Comment,Burger King,https://twitter.com/mcyale2/status/1486099159941853188,matt,https://twitter.com/@mcyale2,2022-01-25T22:10:24.000Z,Ran into iggy azalea at a pit stop Burger King in 2012 after bamboozle. Gave her the â€œI think I know who u areâ€ look. She gave me the â€œI think u know who I amâ€ look. Didnâ€™t talk to her. Ordered Burger King. Fancy wouldnâ€™t come out for another 2 years,,"https://video.twimg.com/tweet_video/FJ-53pwWQAEVJg2.mp4, ",False,,0,1,3,N/A
Post&Comment,Burger King,https://twitter.com/niceguy69420/status/1486097507033784325,Matt,https://twitter.com/@niceguy69420,2022-01-25T22:03:50.000Z,"Replying to 
@mr_westtt_phd",,"https://video.twimg.com/tweet_video/FJ-53pwWQAEVJg2.mp4, ",False,,0,0,1,N/A
Post&Comment,Burger King,https://twitter.com/StellaNoxEclair/status/1486120099274805253,,https://twitter.com/@StellaNoxEclair,2022-01-25T23:33:37.000Z,"btw I would put McDonalds in S and Burger King in B, but they would be in C if it wasn't for their onion rings
I don't have strong opinions on anything else",,"https://video.twimg.com/tweet_video/FJ-53pwWQAEVJg2.mp4, ",False,,2,0,7,N/A
Post&Comment,Burger King,https://twitter.com/fjromero95/status/1486117852541296649,Francisco,https://twitter.com/@fjromero95,2022-01-25T23:24:41.000Z,Burger King starting beef (pun intended) with McDonaldâ€™s about accepting crypto for payment is priceless.  love to see it.,,"https://video.twimg.com/tweet_video/FJ-53pwWQAEVJg2.mp4, ",False,,0,0,0,N/A
Post&Comment,Burger King,https://twitter.com/TheRealLefthook/status/1486116759354556418,James in Sacramento,https://twitter.com/@TheRealLefthook,2022-01-25T23:20:20.000Z,"Replying to 
@LaLa5580
 @WerLDy
 and 
@tacobell",,"https://video.twimg.com/tweet_video/FJ-53pwWQAEVJg2.mp4, ",False,,2,0,1,N/A
Post&Comment,Burger King,https://twitter.com/momtalksstock/status/1486115769196949509,Mom is headed to the MOON!,https://twitter.com/@momtalksstock,2022-01-25T23:16:24.000Z,"Replying to 
@BigImpactHumans
 and 
@McDonalds",,"https://video.twimg.com/tweet_video/FJ-53pwWQAEVJg2.mp4, ",False,,0,0,1,N/A
Post&Comment,Burger King,https://twitter.com/lanceicarus/status/1486125320373559296,Lance Icarus,https://twitter.com/@lanceicarus,2022-01-25T23:54:21.000Z,"Replying to 
@the_moviebob",,,False,,2,0,3,N/A
Post&Comment,Burger King,https://twitter.com/georgematthew_/status/1486125638713241603,Dr. George Matthew,https://twitter.com/@georgematthew_,2022-01-25T23:55:37.000Z,"Replying to 
@BillyM2k",,,False,,0,0,4,N/A
Post&Comment,Burger King,https://twitter.com/MikeScottNewEn1/status/1486101658987868164,TheRealMichaelScott,https://twitter.com/@MikeScottNewEn1,2022-01-25T22:20:20.000Z,"Replying to 
@patriottakes",,,False,,2,3,9,N/A
Post&Comment,Burger King,https://twitter.com/CopiusH/status/1486103878181474309,Copius_Hayes,https://twitter.com/@CopiusH,2022-01-25T22:29:09.000Z,"Replying to 
@DonutOperator",,,False,,0,0,1,N/A
Post&Comment,Burger King,https://twitter.com/johnnyblazepw/status/1486095787906015233,B,https://twitter.com/@johnnyblazepw,2022-01-25T21:57:00.000Z,"Replying to 
@scottEmovienerd",,,False,,1,0,2,N/A
Post&Comment,Burger King,https://twitter.com/Its_Waste/status/1486109276955463687,Owaken Waste,https://twitter.com/@Its_Waste,2022-01-25T22:50:36.000Z,"Replying to 
@DonutOperator",,,False,,0,0,1,N/A
Post&Comment,Burger King,https://twitter.com/Mike86694039/status/1486110729078030337,Mike,https://twitter.com/@Mike86694039,2022-01-25T22:56:23.000Z,"Replying to 
@Champs822
 @Alice09808730
 and 38 others",,,False,,1,0,2,N/A
Post&Comment,Burger King,https://twitter.com/gloylot/status/1486109297134211081,baby capu // cherry capu,https://twitter.com/@gloylot,2022-01-25T22:50:41.000Z,my nearest burger king is the one on piccadily that's mad,,,False,,0,0,0,N/A
Post&Comment,Burger King,https://twitter.com/daisyfvllers/status/1486106991391125504,Ã¡mber,https://twitter.com/@daisyfvllers,2022-01-25T22:41:31.000Z,"Replying to 
@DayTitsDreamers",,,False,,0,0,0,N/A
Post&Comment,Burger King,https://twitter.com/Proxima06_Aiai/status/1486126641378177029,Ai Proxima,https://twitter.com/@Proxima06_Aiai,2022-01-25T23:59:36.000Z,"Replying to 
@BogusThought
 @McDonalds
 and 
@Tesla",,,False,,3,0,4,N/A
Post&Comment,Burger King,https://twitter.com/LDlyricbot/status/1486101009738846208,Lemon Demon Lyrics !!,https://twitter.com/@LDlyricbot,2022-01-25T22:17:45.000Z,Burger King fries on a dashboard underneath the burning hot sun,,,False,,0,1,5,N/A
Post&Comment,Burger King,https://twitter.com/JoshuaJBlackman/status/1486105679752486916,Joshua Blackman,https://twitter.com/@JoshuaJBlackman,2022-01-25T22:36:19.000Z,No ideas for my 30th birthday this year so Iâ€™m recreating my 8th. Indoor football followed by Burger King. Flame shirts and all the same guests.,,,False,,0,0,3,N/A
Post&Comment,Burger King,https://twitter.com/dirty_danzz/status/1486119259650539522,Loren,https://twitter.com/@dirty_danzz,2022-01-25T23:30:16.000Z,I just feel like I honestly need Burger King. Iâ€™ve been thinking about it for 3 weeks now lol,,,False,,0,0,2,N/A
Post&Comment,Burger King,https://twitter.com/DOMMUNlSM/status/1486123161313755138,Domb,https://twitter.com/@DOMMUNlSM,2022-01-25T23:45:47.000Z,Non binary people doesnâ€™t owe you new crispy chicken pretzel fries at Burger King crunchy pretzel on the outside tender juicy white meat chicken inside. New crispy pretzel chicken fries or try original chicken fries only at Burger King,,,False,,0,0,2,N/A
Post&Comment,Burger King,https://twitter.com/hovermyr/status/1486102342470569992,something wrong with her brain,https://twitter.com/@hovermyr,2022-01-25T22:23:03.000Z,"The argument for burger king being essential isn't even very strong, people don't need to go buy fast food if you're a competent government and just fucking distribute food to everyone directly so nobody has to leave their homes.",,,False,,0,0,5,N/A
Post&Comment,Burger King,https://twitter.com/Scrawn_YT/status/1486118328364154881,Scrawn,https://twitter.com/@Scrawn_YT,2022-01-25T23:26:34.000Z,"I should've just went to the gas station for lunch
I was in the Burger King line for 15 minutes, they got my order wrong, I forgot what I wanted, they told me to get out the line.
Now I'm at Sonic and STILL WAITING",,,False,,0,0,1,N/A
Post&Comment,Burger King,https://twitter.com/adoexo_/status/1486101866010320898,Oof,https://twitter.com/@adoexo_,2022-01-25T22:21:09.000Z,My fiance got burger king and I want junk food SO BAD but I've got my dinner planned out and he got me a large diet coke so we're just gonna power through,,,False,,0,0,0,N/A
Post&Comment,Burger King,https://twitter.com/KimieChuu/status/1486109740535107589,Kimie a hot villain,https://twitter.com/@KimieChuu,2022-01-25T22:52:27.000Z,"Replying to 
@SayoAyanami",,,False,,1,0,1,N/A
Post&Comment,Burger King,https://twitter.com/SScream051/status/1486113008854224908,ImperialOrder 2xBloggerHood Steppa #11CT203,https://twitter.com/@SScream051,2022-01-25T23:05:26.000Z,Donâ€™t delete the name saved under Pizza Hut or Burger King lol,,"blob:https://twitter.com/4891ce08-913f-4b2d-9a10-7263e23a8591, ",False,,0,0,0,N/A
Post&Comment,Burger King,https://twitter.com/Zal_Cryptid/status/1486118344608657408,ğŒğ±. ğ™ğšğ¥ ğ‚ğ«ğ²ğ©ğ­ğ¢ğ,https://twitter.com/@Zal_Cryptid,2022-01-25T23:26:38.000Z,"List of things I got from an antique store this weekend:
-an autographed photo of Mabel Love.
-a golden metal Jigglypuff PokÃ©mon card from Burger King.
-a deck of cards featuring the counties of England.
-a century-old blank English school exercise notebook
-old Christmas cards",,"blob:https://twitter.com/4891ce08-913f-4b2d-9a10-7263e23a8591, ",False,,0,0,4,N/A
Post&Comment,Burger King,https://twitter.com/rx_sossa/status/1486115603958190080,Rx Sossa (33.3%),https://twitter.com/@rx_sossa,2022-01-25T23:15:45.000Z,The worst part on NFTS its those dump mf that keep undercutting for no reason or minting something for a .106 profitâ€¦ like manâ€¦ burger king pays more,,"blob:https://twitter.com/4891ce08-913f-4b2d-9a10-7263e23a8591, ",False,,1,0,1,N/A
Post&Comment,Burger King,https://twitter.com/PoliticalDMV/status/1486116982416191490,WaWa,https://twitter.com/@PoliticalDMV,2022-01-25T23:21:13.000Z,Lord have mercy you got these crazy idiots from the Burger King in NYC coming down instigating people here smh,,"blob:https://twitter.com/4891ce08-913f-4b2d-9a10-7263e23a8591, ",False,,0,0,0,N/A
Post&Comment,Burger King,https://twitter.com/PamAqua2017/status/1486090100614258693,one decade left to save habitable Earth,https://twitter.com/@PamAqua2017,2022-01-25T21:34:24.000Z,"Replying to 
@PamAqua2017
 and 
@ProjectDrawdown",,"blob:https://twitter.com/4891ce08-913f-4b2d-9a10-7263e23a8591, ",False,,0,0,8,N/A
Post&Comment,Burger King,https://twitter.com/TheAimercat/status/1486125870112780291,"Amy Harber, queen of all social media ;)",https://twitter.com/@TheAimercat,2022-01-25T23:56:32.000Z,how Kid Rock hasn't gotten in a fight with Eminem somewhere in Detroit on a random Tuesday yet amazes me....like at a Burger King or a Krogers,"https://pbs.twimg.com/media/FJ-BPTNWQAUPno9?format=jpg&name=small, ","blob:https://twitter.com/4891ce08-913f-4b2d-9a10-7263e23a8591, ",False,,0,0,0,N/A
Post&Comment,Burger King,https://twitter.com/johntdrake/status/1486117579739389953,johntdrake,https://twitter.com/@johntdrake,2022-01-25T23:23:36.000Z,"SNEAK KING ON THE BIG SCREEN LET'S GO 
@BurgerKing","https://pbs.twimg.com/media/FJ9g8KAXMAgE6Kc?format=jpg&name=small, ","blob:https://twitter.com/4891ce08-913f-4b2d-9a10-7263e23a8591, ",False,,11,11,168,N/A
Post&Comment,Burger King,https://twitter.com/GayToryJon/status/1486104960064495620,Jonathan,https://twitter.com/@GayToryJon,2022-01-25T22:33:27.000Z,"Replying to 
@DuncanBarkes",,"blob:https://twitter.com/4891ce08-913f-4b2d-9a10-7263e23a8591, ",False,,0,0,1,N/A
Post&Comment,Burger King,https://twitter.com/PhilNolan3D/status/1486113843721949185,Phil Nolan (ãƒ•ã‚£ãƒ«ã§ã™),https://twitter.com/@PhilNolan3D,2022-01-25T23:08:45.000Z,I recently tried Burger King's mozzarella sticks. They were not very impressive. Today I thought I'd try their chicken fries. They tasted exactly the same!,,"blob:https://twitter.com/4891ce08-913f-4b2d-9a10-7263e23a8591, ",False,,1,0,1,N/A
Post&Comment,Burger King,https://twitter.com/WholeMarsBlog/status/1486118356683874306,Whole Mars Catalog,https://twitter.com/@WholeMarsBlog,2022-01-25T23:26:41.000Z,"Replying to 
@lcl_twca
 and 
@elonmusk",,"blob:https://twitter.com/4891ce08-913f-4b2d-9a10-7263e23a8591, ",False,,2,0,1,N/A
Post&Comment,Burger King,https://twitter.com/courtgolf/status/1486107093362954250,Courtney Capps,https://twitter.com/@courtgolf,2022-01-25T22:41:56.000Z,"Replying to 
@ChefGruel",,"blob:https://twitter.com/4891ce08-913f-4b2d-9a10-7263e23a8591, ",False,,0,0,2,N/A
Post&Comment,Burger King,https://twitter.com/buelldawg/status/1486122985111105540,Heather Buell,https://twitter.com/@buelldawg,2022-01-25T23:45:05.000Z,"Replying to 
@BravesNinja2",,"blob:https://twitter.com/4891ce08-913f-4b2d-9a10-7263e23a8591, ",False,,0,0,1,N/A
Post&Comment,Burger King,https://twitter.com/DuffelBlog/status/1486111647534137354,Duffel Blog,https://twitter.com/@DuffelBlog,2022-01-25T23:00:02.000Z,"â€œGreen Beans Coffee, like Burger King, Cinnabon and other corporations, have become just as important to the military-industrial complex as Northrop and Raytheon,â€ said Kirby.",,"blob:https://twitter.com/4891ce08-913f-4b2d-9a10-7263e23a8591, ",False,,1,6,22,N/A
Post&Comment,Burger King,https://twitter.com/_aj200/status/1486432693894017027,AJ200| @benowrld,https://twitter.com/| @benowrld,2022-01-26T20:15:45.000Z,Benowrld x McDonaldâ€™s/ Burger King. Which one yâ€™all feeling?,"https://pbs.twimg.com/media/FKDep6ZVUAIiTvr?format=jpg&name=360x360, https://pbs.twimg.com/media/FKDep6bVUAAtOlg?format=jpg&name=360x360, ","blob:https://twitter.com/fa41ff48-5177-446c-a554-527828c1ed4c, ",False,,8,14,120,N/A
Post&Comment,Burger King,https://twitter.com/DogecoinRide/status/1486467065192108037,DogeCoin Ride,https://twitter.com/@DogecoinRide,2022-01-26T22:32:20.000Z,Hey Burger King are you thinking about accepting $DOGE anytime soon,"https://pbs.twimg.com/media/FKD96qMX0AUvyVC?format=jpg&name=small, ","blob:https://twitter.com/fa41ff48-5177-446c-a554-527828c1ed4c, ",False,,89,329,"1,664",N/A
Post&Comment,Burger King,https://twitter.com/AlisunJane/status/1486467022997311490,Alisun Jane,https://twitter.com/@AlisunJane,2022-01-26T22:32:10.000Z,The Burger King  #LeastLikelyToEnterTheRoyalRumble,"https://pbs.twimg.com/media/FKD94QhXsAA8wkJ?format=jpg&name=small, ","blob:https://twitter.com/fa41ff48-5177-446c-a554-527828c1ed4c, ",False,,0,5,10,N/A
Post&Comment,Burger King,https://twitter.com/wanna_tunes/status/1486420302049468418,"Hey, Wanna Listen To Some Tunes?",https://twitter.com/@wanna_tunes,2022-01-26T19:26:31.000Z,"Hey, wanna go to Burger King, then walk back home from Burger King?
Song: I Walk To Burger King","https://pbs.twimg.com/ext_tw_video_thumb/1486420173707960328/pu/img/SxVyiogte61hqDKn.jpg, ","blob:https://twitter.com/fa41ff48-5177-446c-a554-527828c1ed4c, ",False,,0,3,6,N/A
Post&Comment,Burger King,https://twitter.com/MrRaceBannon/status/1486467523646304256,Mister Race Bannon,https://twitter.com/@MrRaceBannon,2022-01-26T22:34:09.000Z,Burger King #LeastLikelyToEnterTheRoyalRumble,"https://pbs.twimg.com/media/FKD-VYmXoAQWjuu?format=jpg&name=360x360, ","blob:https://twitter.com/fa41ff48-5177-446c-a554-527828c1ed4c, ",False,,4,6,9,N/A
Post&Comment,Burger King,https://twitter.com/pythadoge/status/1486449635606638599,Pythaâ€™s Memes,https://twitter.com/@pythadoge,2022-01-26T21:23:04.000Z,"Letâ€™s make a deal! 
@McDonalds
 @MrBeastBurger
 @BurgerKing","https://pbs.twimg.com/media/FKDuEGZXMAYME1-?format=jpg&name=small, ","blob:https://twitter.com/fa41ff48-5177-446c-a554-527828c1ed4c, ",False,,4,42,168,N/A
Post&Comment,Burger King,https://twitter.com/ZanderTh3Gr8/status/1486446575605858304,Trainer Al,https://twitter.com/@ZanderTh3Gr8,2022-01-26T21:10:55.000Z,"Who remembers this from Burger King?! My dad was a collector so he got a bunch. I remember being mad I could only open 1 

#Pokemon","https://pbs.twimg.com/media/FKDrSCwVQAA36es?format=jpg&name=small, ","blob:https://twitter.com/fa41ff48-5177-446c-a554-527828c1ed4c, ",False,,7,4,57,N/A
Post&Comment,Burger King,https://twitter.com/BitcoinDogecoin/status/1486488585045954566,Dogecoin and Bitcoin Cryptocurrency,https://twitter.com/@BitcoinDogecoin,2022-01-26T23:57:50.000Z,Is Burger King ready for #dogecoin ?,,"blob:https://twitter.com/fa41ff48-5177-446c-a554-527828c1ed4c, ",False,,5,12,40,N/A
Post&Comment,Burger King,https://twitter.com/DanielKriete4/status/1486444354046734336,Daniel Kriete,https://twitter.com/@DanielKriete4,2022-01-26T21:02:05.000Z,Tony Stewart Burger King Car- 2009 #NASCAR,"https://pbs.twimg.com/media/FKDpQyqXIAYlcWj?format=jpg&name=360x360, ","blob:https://twitter.com/fa41ff48-5177-446c-a554-527828c1ed4c, ",False,,0,6,27,N/A
Post&Comment,Burger King,https://twitter.com/DogeArmy4life/status/1486467813741109250,ÃogeDollz,https://twitter.com/@DogeArmy4life,2022-01-26T22:35:18.000Z,"Replying to 
@BurgerKingUK",,"blob:https://twitter.com/fa41ff48-5177-446c-a554-527828c1ed4c, ",False,youâ€™re telling me a doge made this coin,1,6,31,N/A
Post&Comment,Burger King,https://twitter.com/Lago____/status/1486403883022831620,Lago,https://twitter.com/@Lago____,2022-01-26T18:21:16.000Z,"Replying to 
@Lago____
 @Lance_Warner_
 and 2 others",,"blob:https://twitter.com/fa41ff48-5177-446c-a554-527828c1ed4c, ",False,,1,0,3,N/A
Post&Comment,Burger King,https://twitter.com/SternLevine/status/1486474293399674880,Judi Stern Levine @DobbsGirl1,https://twitter.com/Judi Stern Levine @DobbsGirl1,2022-01-26T23:01:03.000Z,"Replying to 
@BoHines
 @CawthornforNC
 and 4 others",,"blob:https://twitter.com/fa41ff48-5177-446c-a554-527828c1ed4c, ",False,,2,0,15,N/A
Post&Comment,Burger King,https://twitter.com/buwygfrn/status/1486464820333400070,Ù„Ø§,https://twitter.com/@buwygfrn,2022-01-26T22:23:25.000Z,The only thing Burger King sells is fries. Thatâ€™s it.,,"blob:https://twitter.com/fa41ff48-5177-446c-a554-527828c1ed4c, ",False,,2,1,11,N/A
Post&Comment,Burger King,https://twitter.com/DailyMirror/status/1486442822203060227,The Mirror,https://twitter.com/@DailyMirror,2022-01-26T20:56:00.000Z,"Muslim man was 'vomiting for days' after Burger King meal 'loaded' with bacon
https://mirror.co.uk/news/uk-news/muslim-man-says-vomiting-days-26053801â€¦","https://pbs.twimg.com/media/FKCDS1eXoAM5Wt2?format=jpg&name=small, ",,False,,23,4,8,N/A
Post&Comment,Burger King,https://twitter.com/StandUpPeda/status/1486449557663883283,PedaChee,https://twitter.com/@StandUpPeda,2022-01-26T21:22:46.000Z,Ol dude wit the Burger King crowd wouldâ€™ve said the most powerful of slurs https://twitter.com/croydonruntings/status/1486374066332311553â€¦,,,False,,1,6,7,N/A
Post&Comment,Burger King,https://twitter.com/TheOnlyFronk/status/1486463340201365504,Fronk,https://twitter.com/@TheOnlyFronk,2022-01-26T22:17:32.000Z,"Tired of #dogecoin getting lead on by multi-billion dollar organizations like 
@mcdonalds
, 
@BurgerKing
, 
@axe
, and more. Nobody has pulled through and it feels like we are being used for attention. If a business mentions #doge and doesnt accept it as payment, I will never go there.",,,False,,21,26,99,N/A
Post&Comment,Burger King,https://twitter.com/TheStrxggler/status/1486487654392688644,ã€MrCULTURALLEECHManã€,https://twitter.com/@TheStrxggler,2022-01-26T23:54:09.000Z,"Literally like having the Dahmer special at Burger King.

Unironically would probably be the only edible thing on the menu.","https://pbs.twimg.com/media/FJ-k9xcXwAMbNjm?format=jpg&name=small, https://pbs.twimg.com/media/FJ-lN1jWQAE2DFo?format=jpg&name=small, ",,False,,2,3,30,N/A
